Company,Date,Day Close,Prev Close,Turnover,Change (%),gap_return,avg_vol_20d,vol_surge_ratio,rolling_std,price_z_score,future_close_3d,reversion_ratio,anomaly_score,anomaly_label
ABANS FINANCIAL,2023-07-19,27.0,22.9,1982323.1,17.9039,0.17903930130222542,192272.57,10.309963090418929,0.07818886585578527,2.289831129442671,25.2,0.4390243901368233,0.6976357980134095,-1
AGSTAR PLC,2023-04-11,12.8,11.5,38282714.7,11.3043,0.11304347825103976,5307845.755000001,7.212476862941544,0.05368869939143109,2.1055357538340025,13.0,-0.15384615372781002,0.6233152079366288,-1
ALLIANCE,2023-08-18,110.25,94.3,59529445.1,16.9141,0.1691410392346857,8316859.234999999,7.157683377576126,0.07314482203060484,2.312412994203495,105.25,0.31347962380479744,0.6491877620107331,-1
ALPHA FIRE,2023-11-29,37.0,30.0,1005916.3,23.3333,0.23333333332555556,138891.51,7.24246068028199,0.08662551417995061,2.6935866740976144,36.0,0.1428571428367347,0.6611426832994204,-1
AMANA LIFE,2023-07-10,32.7,28.1,237905.5,16.3701,0.16370106760983275,15034.525,15.823945219418915,0.12298135951976435,1.3311047049566858,30.5,0.4782608694612481,0.72847528528427,-1
AMF CO LTD,2023-07-19,10.0,8.3,15230531.9,20.4819,0.2048192770837566,915536.65,16.635633210314392,0.08806955465243871,2.3256535764988273,10.1,-0.05882352937716244,0.7362036500560919,-1
AMF CO LTD,2023-08-18,13.1,10.8,33748443.6,21.2963,0.21296296294324404,3988733.9549999996,8.460941236177282,0.10948360838775749,1.9451584043872203,12.2,0.39130434765595495,0.6693777914576721,-1
AMF CO LTD,2023-12-27,15.9,14.1,20585858.3,12.766,0.12765957445903128,2792985.835,7.370555926933298,0.037119171493451605,3.439181584167923,0.0,0.0,0.6486268800313104,-1
ASIA ASSET,2023-01-20,8.7,7.9,1828289.7,10.1266,0.10126582277199153,241329.41176470587,7.575909155169861,0.04424169330777251,2.288922799102675,8.4,0.3749999995312492,0.6270963452375068,-1
ASIA CAPITAL,2023-06-12,4.1,3.5,233561.5,17.1429,0.17142857137959172,31280.609999999997,7.466654262816248,0.07465392752355414,2.2963101174977565,3.9,0.33333333277777755,0.6541848539531552,-1
AUTODROME,2023-05-31,98.1,87.0,431819.75,12.7586,0.12758620689508515,24737.4725,17.45609823315549,0.05654780706930394,2.256253801008836,107.25,-0.8243243242500617,0.7290603271499453,-1
AUTODROME,2023-11-27,112.75,91.0,880447.9,23.9011,0.2390109890083625,85993.5925,10.238529109014602,0.11158229746221393,2.1420152864954725,100.75,0.5517241379056679,0.7048447878716605,-1
BERUWALA RESORTS,2023-02-16,1.4,1.2,5273869.2,16.6667,0.16666666652777773,444651.5,11.860680105655751,0.09144221121043909,1.8226447337496825,1.4,0.0,0.7087957304333302,-1
BERUWALA RESORTS,2023-07-06,1.5,1.3,1833140.7,15.3846,0.1538461537278106,178926.3,10.245227783729893,0.08278307231823827,1.8584252500071914,1.5,0.0,0.6897169206933565,-1
BERUWALA RESORTS,2023-12-04,1.2,1.0,1094877.7,20.0,0.19999999979999994,117370.415,9.328395916466604,0.1123451045211864,1.7802288659765717,1.2,0.0,0.6842077303545128,-1
BLUE DIAMONDS,2023-04-21,1.0,0.9,10783709.9,11.1111,0.11111111098765429,1511436.4222222222,7.134742647093955,0.15786969119721944,0.703815339354993,0.4,5.999999940000002,0.6020980154997024,-1
BLUE DIAMONDS,2023-06-13,0.4,0.3,11204571.0,33.3333,0.33333333222222233,724258.975,15.470393031719054,0.23570225960984154,1.4142135563730962,0.3,0.9999999900000001,0.7409912988807682,-1
BROWNS,2023-07-04,121.5,107.0,15007137.0,13.5514,0.13551401869032229,2236705.475,6.709482838816761,0.061687780560552234,2.196772444431363,125.0,-0.24137931032818075,0.6286271916910235,-1
BUKIT DARAH,2023-05-17,420.5,365.0,5309772.0,15.2055,0.15205479452013135,392002.725,13.545242574525437,0.07735638292378798,1.9656398968950868,387.0,0.6036036035927279,0.7146196882346322,-1
CALT,2023-07-04,41.2,36.5,295934292.1,12.8767,0.12876712328414347,40260238.089999996,7.3505350723076175,0.06430220836429697,2.00253031050034,47.4,-1.319148935889541,0.6333266533700925,-1
CDB,2023-03-07,69.5,63.1,954364.8,10.1426,0.10142630744688705,119793.1875,7.96677023056918,0.04309742359339456,2.3534192217702126,196.25,-19.804687496905522,0.6367060960543469,-1
CDB,2023-03-31,79.1,64.7,9524010.0,22.2566,0.22256568778635896,895842.075,10.631349281066074,0.1054967015258027,2.109693312280762,225.0,-10.131944443740844,0.7062769058202556,-1
CDB,2023-05-31,204.25,183.75,4700649.0,11.1565,0.11156462584973299,477211.2025,9.850248643314258,0.05798252564504457,1.9241076976984026,65.4,6.7731707313769185,0.6656790921292763,-1
CDB,2023-08-18,91.5,83.0,7819851.3,10.241,0.10240963855298302,1290250.76,6.06072210335299,0.0384223777528763,2.665364349554142,205.25,-13.382352939602075,0.6060840911086252,-1
CEYLINCO INS.,2023-01-02,2.0,0.0,2.0,0.0,1999999999.9999998,2.0,0.9999999995,0.0,0.0,1.0,0.49999999975,0.6106447952516681,-1
CEYLINCO INS.,2023-04-04,2.0,0.0,2.0,0.0,1999999999.9999998,1.3,1.5384615372781063,894427191.4216485,2.236067976445458,1.0,0.49999999975,0.6583410781100214,-1
CEYLINCO INS.,2023-04-04,1.0,0.0,1.0,0.0,999999999.9999999,1.3,0.7692307686390532,894427191.4927607,1.1180339881338388,2.0,-0.9999999989999999,0.6162156693906635,-1
CEYLINCO INS.,2023-04-27,1.0,0.0,1.0,0.0,999999999.9999999,1.5,0.6666666662222221,447213595.93027765,2.236067975348191,2.0,-0.9999999989999999,0.6371005936263201,-1
CEYLON BEVERAGE,2023-01-26,1.0,0.0,0.0,0.0,999999999.9999999,35.0,0.0,500000000.322037,1.9999999987118517,1.0,0.0,0.6436767129884639,-1
CEYLON BEVERAGE,2023-01-30,1.0,0.0,0.0,0.0,999999999.9999999,28.0,0.0,547722557.85794,1.8257418571746407,1.0,0.0,0.6376116845272827,-1
CEYLON BEVERAGE,2023-01-31,1.0,0.0,0.0,0.0,999999999.9999999,23.333333333333332,0.0,547722558.0419343,1.8257418565613264,1.0,0.0,0.6376116845272827,-1
CEYLON BEVERAGE,2023-02-06,1.0,0.0,0.0,0.0,999999999.9999999,25.5,0.0,547722558.0406492,1.82574185656561,900.0,-898.999999101,0.6376116845272827,-1
CEYLON BEVERAGE,2023-03-14,1.0,0.0,1.0,0.0,999999999.9999999,9896.7875,0.00010104288891722681,447213595.5065273,2.2360679774669427,1.0,0.0,0.6498907514406213,-1
CEYLON BEVERAGE,2023-03-15,1.0,0.0,1.0,0.0,999999999.9999999,9896.8375,0.00010104237843653581,547722557.5062845,1.8257418583468257,1.0,0.0,0.6376116845272827,-1
CEYLON BEVERAGE,2023-03-23,1.0,0.0,1.0,0.0,999999999.9999999,9894.75,0.00010106369539401187,547722557.7761446,1.825741857447292,912.0,-910.999999089,0.6376116845272827,-1
CEYLON BEVERAGE,2023-03-27,1.0,0.0,1.0,0.0,999999999.9999999,9892.5625,0.00010108604317636597,547722557.7761446,1.825741857447292,1.0,0.0,0.6376116845272827,-1
CEYLON GUARDIAN,2023-07-04,82.6,74.2,1622120.7,11.3208,0.11320754716828549,257820.17,6.291674929855153,0.04918099209448642,2.3018556569362354,81.7,0.10714285713010113,0.6092016606387818,-1
CEYLON INV.,2023-03-07,39.9,36.0,5984153.6,10.8333,0.10833333333032405,740879.9199999999,8.077089739454664,0.04119741084449722,2.6296150287119127,36.1,0.9743589741091383,0.6408764541848442,-1
CEYLON INV.,2023-07-18,47.2,42.5,22291477.4,11.0588,0.11058823529151565,3544624.435,6.2888122024696225,0.05412134633553526,2.0433385482054525,57.0,-2.085106382535082,0.6025380000252076,-1
CEYLON INV.,2023-07-20,54.0,48.5,35828111.0,11.3402,0.11340206185333192,5607457.045,6.389368783831673,0.04901800471327065,2.313477674238195,55.2,-0.21818181814214926,0.6108687070121112,-1
CEYLON TOBACCO,2023-09-05,1.0,0.0,1.0,0.0,999999999.9999999,2665335.875,3.751872360176744e-07,447213485.48626107,2.236068527568409,1.0,0.0,0.6498907514406213,-1
CEYLON TOBACCO,2023-09-25,1.0,0.0,1.0,0.0,999999999.9999999,447706.2875,2.2336072284890523e-06,447213375.8350628,2.2360690758248047,1.0,0.0,0.6498907514406213,-1
CEYLON TOBACCO,2023-10-03,1.0,0.0,1.0,0.0,999999999.9999999,235402.4375,4.2480443729474795e-06,547722375.4423398,1.825742465226843,1.0,0.0,0.6376116845272827,-1
CEYLON TOBACCO,2023-10-04,1.0,0.0,1.0,0.0,999999999.9999999,235399.4375,4.24809851128041e-06,547722375.4423398,1.825742465226843,1.0,0.0,0.6376116845272827,-1
CEYLON TOBACCO,2023-10-05,1.0,0.0,1.0,0.0,999999999.9999999,235399.4375,4.24809851128041e-06,547722557.7242551,1.8257418576202569,1.0,0.0,0.6376116845272827,-1
CHRISSWORLD,2023-01-23,12.3,10.6,1163961.0,16.0377,0.16037735847543622,187224.25714285715,6.216934801946418,0.07831621590910513,2.047817997408792,14.5,-1.2941176462975765,0.6282099496237593,-1
CHRISSWORLD,2023-08-07,13.4,11.5,7062019.2,16.5217,0.1652173912899811,872807.9650000001,8.09114889321615,0.08306047900293692,1.989121556775728,12.1,0.6842105259556789,0.6595973313586333,-1
CITRUS HIKKADUWA,2023-03-02,5.7,5.0,2426238.5,14.0,0.13999999997200002,206097.65,11.77227639422375,0.06427687392568483,2.178077265484114,5.2,0.714285713265306,0.7049260180812608,-1
CITRUS WASKADUWA,2023-03-24,3.1,2.5,22193864.9,24.0,0.23999999990400003,1821294.6349999998,12.185763068477929,0.11610100990498455,2.0671654624989673,2.9,0.33333333277777805,0.7203728659270161,-1
COLOMBO LAND,2023-03-23,21.8,18.5,13510204.6,17.8378,0.17837837836873635,861743.615,15.677754223917265,0.08079648588101666,2.207749188791113,21.7,0.03030303029384799,0.72926309871789,-1
COLOMBO LAND,2023-03-24,23.8,21.6,22226770.6,10.1852,0.10185185184713645,1972395.325,11.268922775407608,0.08544187112204973,1.1920601611074935,20.3,1.5909090901859508,0.6773438468324586,-1
COM.CREDIT,2023-07-04,28.4,24.6,5727698.8,15.4472,0.15447154470916769,610205.605,9.386506372716767,0.06964283314701031,2.218053682064273,32.4,-1.0526315786703608,0.6849892422032049,-1
CONVENIENCE FOOD,2023-08-15,999.25,1.0,5.0,99825.0,998.2499990017499,1.2,4.1666666631944445,446.8676749912939,2.233882768582365,999.0,0.00025043826696694173,0.6480535051011062,-1
CONVENIENCE FOOD,2023-08-17,999.0,1.0,92.0,99800.0,997.9999990019999,7.35,12.517006801018095,547.0553070844597,1.8243127999599036,999.5,-0.000501002004007514,0.7450030082299682,-1
CONVENIENCE FOOD,2023-08-21,1.0,0.0,1.0,0.0,999999999.9999999,7.7,0.12987012985326363,447213260.73283994,2.2360696513366323,1.0,0.0,0.6461667028029787,-1
CONVENIENCE FOOD,2023-08-24,1.0,0.0,1.0,0.0,999999999.9999999,8.1,0.12345679010821521,547722192.8133816,1.8257430739906448,1.0,0.0,0.6325118949200081,-1
CONVENIENCE FOOD,2023-09-05,1.0,0.0,2.0,0.0,999999999.9999999,12.05,0.16597510372066596,447213373.2077762,2.2360690889612505,987.0,-985.999999014,0.6431770454884032,-1
CONVENIENCE FOOD,2023-10-03,1.0,0.0,0.0,0.0,999999999.9999999,12595.1375,0.0,447213595.4968565,2.2360679775152965,987.0,-985.999999014,0.6498907514406213,-1
COOP INSURANCE,2023-06-22,3.6,3.1,35531203.9,16.129,0.16129032252861603,3764909.925,9.437464536419153,0.08069156928217117,1.9988497183113214,3.1,0.9999999980000001,0.6847108578566999,-1
DANKOTUWA PORCEL,2023-06-01,25.7,22.9,22213398.8,12.2271,0.12227074235273931,2771424.19,8.015156568291335,0.06348549574431554,1.925963387278487,25.0,0.24999999991071395,0.6374859221632571,-1
DFCC BANK PLC,2023-07-19,73.5,64.4,318734896.9,14.1304,0.14130434782389267,55911459.92,5.7007078219037135,0.05993968863491276,2.3574421002938903,75.1,-0.17582417580485396,0.6126268259041127,-1
DILMAH CEYLON,2023-01-11,900.0,1.0,21.0,89900.0,898.999999101,3.857142857142857,5.444444443032921,402.48867046696955,2.233603241690609,1.0,0.9999999999988877,0.6646238280292543,-1
DILMAH CEYLON,2023-01-13,1.0,0.0,1.0,0.0,999999999.9999999,3.2222222222222223,0.31034482748989295,447213495.32048637,2.2360684783972595,1.0,0.0,0.6417302716019568,-1
DILMAH CEYLON,2023-01-20,1.0,0.0,1.0,0.0,999999999.9999999,3.0,0.3333333332222222,547722377.2100172,1.825742459334581,1.0,0.0,0.6302997553514728,-1
DILMAH CEYLON,2023-02-16,1.0,0.0,1.0,0.0,999999999.9999999,1.2,0.8333333326388889,447213595.9393453,2.2360679753028525,1.0,0.0,0.6327634429545275,-1
DILMAH CEYLON,2023-05-02,1.0,0.0,1.0,0.0,999999999.9999999,1.0,0.9999999989999999,447213595.9380748,2.236067975309205,1.0,0.0,0.6381945556891971,-1
DILMAH CEYLON,2023-06-13,1.0,0.0,1.0,0.0,999999999.9999999,1.0,0.9999999989999999,447213595.9249472,2.236067975374843,1.0,0.0,0.6381945556891971,-1
DILMAH CEYLON,2023-06-19,1.0,0.0,1.0,0.0,999999999.9999999,1.0,0.9999999989999999,547722558.0418789,1.8257418565615107,1.0,0.0,0.6260815180817121,-1
DILMAH CEYLON,2023-06-20,1.0,0.0,1.0,0.0,999999999.9999999,1.0,0.9999999989999999,547722558.0418789,1.8257418565615107,1.0,0.0,0.6260815180817121,-1
DILMAH CEYLON,2023-08-23,1.0,0.0,1.0,0.0,999999999.9999999,1.0,0.9999999989999999,447213595.8647851,2.236067975675654,999.0,-997.9999990019999,0.6381945556891971,-1
DILMAH CEYLON,2023-10-16,999.75,1.0,7.0,99875.0,998.7499990012499,1.3,5.384615380473372,447.0865047089142,2.233907730337946,999.5,0.00025031289111364174,0.6653859657602094,-1
DILMAH CEYLON,2023-10-17,999.5,1.0,8.5,99850.0,998.4999990014999,1.675,5.074626862642013,547.4813676769364,1.8238063575323014,1.0,0.9999999999989985,0.6520731572231682,-1
DILMAH CEYLON,2023-10-18,1.0,0.0,1.0,0.0,999999999.9999999,1.675,0.5970149250167075,447213372.40264946,2.2360690929868885,1.0,0.0,0.6392532629280985,-1
DILMAH CEYLON,2023-10-23,1.0,0.0,1.0,0.0,999999999.9999999,1.625,0.6153846150059171,547722010.5585494,1.825743681507763,990.0,-988.9999990109999,0.6275197497161878,-1
DILMAH CEYLON,2023-10-24,1.0,0.0,1.0,0.0,999999999.9999999,1.625,0.6153846150059171,547722010.604193,1.8257436813556176,997.0,-995.999999004,0.6275197497161878,-1
DILMAH CEYLON,2023-11-06,1.0,0.0,1.0,0.0,999999999.9999999,992.775,0.001007277580518237,547722557.6694738,1.8257418578028612,1.0,0.0,0.6374749354317903,-1
DILMAH CEYLON,2023-11-07,1.0,0.0,1.0,0.0,999999999.9999999,992.775,0.001007277580518237,547722557.6694738,1.8257418578028612,998.5,-997.4999990024999,0.6374749354317903,-1
DILMAH CEYLON,2023-11-09,1.0,0.0,1.0,0.0,999999999.9999999,992.775,0.001007277580518237,547722556.6816459,1.8257418610956209,994.0,-992.9999990069999,0.6374749354317903,-1
DILMAH CEYLON,2023-11-15,1.0,0.0,10.0,0.0,999999999.9999999,994.775,0.01005252444018994,547722283.5070698,1.825742771677998,1.0,0.0,0.6346752089471253,-1
DILMAH CEYLON,2023-11-17,1.0,0.0,1.0,0.0,999999999.9999999,994.925,0.0010051008870005226,547722012.3842912,1.8257436754219452,1.0,0.0,0.6374749354317903,-1
DILMAH CEYLON,2023-11-20,1.0,0.0,1.0,0.0,999999999.9999999,994.925,0.0010051008870005226,547722012.3842912,1.8257436754219452,999.75,-998.7499990012499,0.6374749354317903,-1
DILMAH CEYLON,2023-11-21,1.0,0.0,1.0,0.0,999999999.9999999,994.925,0.0010051008870005226,447213151.416858,2.2360701979174937,1.0,0.0,0.6497513688436818,-1
DILMAH CEYLON,2023-11-22,1.0,0.0,1.0,0.0,999999999.9999999,994.925,0.0010051008870005226,447213151.416858,2.2360701979174937,1.0,0.0,0.6497513688436818,-1
DILMAH CEYLON,2023-11-24,1.0,0.0,67.0,0.0,999999999.9999999,997.5,0.06716791979943142,447213148.8453798,2.2360702107749106,1.0,0.0,0.6488966060171356,-1
DILMAH CEYLON,2023-11-27,1.0,0.0,10.0,0.0,999999999.9999999,997.95,0.01002054211131818,447213148.8453798,2.2360702107749106,993.0,-991.9999990079999,0.6467215981057072,-1
DILMAH CEYLON,2023-11-29,1.0,0.0,1.0,0.0,999999999.9999999,998.35,0.001001652726998546,547722010.4672623,1.8257436818120543,1.0,0.0,0.6374749354317903,-1
DILMAH CEYLON,2023-12-04,1.0,0.0,1.0,0.0,999999999.9999999,998.3,0.001001702894920363,547722012.3158258,1.8257436756501633,1.0,0.0,0.6374749354317903,-1
DILMAH CEYLON,2023-12-05,1.0,0.0,1.0,0.0,999999999.9999999,997.1,0.0010029084344589279,547722012.3158258,1.8257436756501633,990.25,-989.2499990107499,0.6374749354317903,-1
DILMAH CEYLON,2023-12-06,1.0,0.0,10.0,0.0,999999999.9999999,7.6,1.3157894735110804,447213151.86407155,2.236070195681422,990.25,-989.2499990107499,0.643561258712937,-1
DILMAH CEYLON,2023-12-11,1.0,0.0,1.0,0.0,999999999.9999999,7.6,0.13157894735110803,447213151.86407155,2.236070195681422,990.25,-989.2499990107499,0.6454811718350234,-1
DILMAH CEYLON,2023-12-15,1.0,0.0,0.0,0.0,999999999.9999999,9859.4875,0.0,547722557.5068622,1.8257418583449,990.25,-989.2499990107499,0.6376116845272827,-1
DILMAH CEYLON,2023-12-19,1.0,0.0,0.0,0.0,999999999.9999999,9858.9875,0.0,547722557.5068622,1.8257418583449,1.0,0.0,0.6376116845272827,-1
DILMAH CEYLON,2023-12-22,1.0,0.0,19.0,0.0,999999999.9999999,12528.4375,0.0015165498490931917,547722557.5042655,1.8257418583535554,985.0,-983.999999016,0.6370139787737656,-1
DILMAH CEYLON,2023-12-27,1.0,0.0,0.0,0.0,999999999.9999999,12528.3875,0.0,547722557.5042655,1.8257418583535554,0.0,0.0,0.6376116845272827,-1
DURDANS,2023-03-02,10.0,5.0,723260.2,100.0,0.9999999998,83814.98999999999,8.62924639136736,0.44508051261553117,2.2467845012505276,10.9,-0.17999999996400007,0.6974288642040084,-1
E - CHANNELLING,2023-03-22,17.6,14.1,42774060.7,24.8227,0.24822695033700531,3379764.835,12.655928086191828,0.1057494445515399,2.347312073764255,18.0,-0.11428571425306076,0.7254804257908448,-1
E - CHANNELLING,2023-10-05,16.0,14.0,16377494.5,14.2857,0.14285714284693876,916010.945,17.87914717547396,0.06388765649543059,2.23606794249979,15.8,0.09999999994999964,0.7307946827255071,-1
E B CREASY,2023-02-06,23.1,19.7,1303365.3,17.2589,0.1725888324785489,192377.755,6.775031239968432,0.08537776081207918,2.0214729083484966,22.5,0.1764705881833913,0.6372736470107145,-1
EAST WEST,2023-04-18,10.0,8.7,31130649.7,14.9425,0.14942528733914662,3289836.53,9.462673727438972,0.05666207955514465,2.637130261987521,10.4,-0.30769230745562137,0.6856926036289919,-1
EXTERMINATORS,2023-03-14,8.8,7.4,2102196.5,18.9189,0.18918918916362312,129248.64500000002,16.26474691475476,0.09246849227902484,2.0459854211395263,8.9,-0.07142857137755075,0.7318993692704873,-1
EXTERMINATORS,2023-03-17,8.9,7.6,2382444.2,17.1053,0.17105263155644054,247222.95500000002,9.63682437983961,0.10607069982562892,1.6126284659666417,8.2,0.5384615380473378,0.6823813606945738,-1
FC TREASURIES,2023-07-04,32.2,28.1,192889435.3,14.5907,0.14590747330441614,31017494.365,6.218730405175976,0.07120432781723751,2.049137682049102,34.0,-0.4390243901368225,0.6212239207927076,-1
FIRST CAPITAL,2023-07-04,38.9,35.0,126399503.9,11.1429,0.11142857142538773,16927118.389999997,7.467278303829482,0.05517057123302722,2.019710271532807,41.5,-0.666666666495727,0.6230516543217627,-1
FIRST CAPITAL,2023-10-11,50.1,43.9,138098459.3,14.123,0.14123006833391283,17502327.065,7.890291318813268,0.07677317635317568,1.8395756591422476,52.8,-0.43548387089750173,0.6453530043375708,-1
GESTETNER,2023-05-18,79.5,65.6,1340495.8,21.189,0.21189024389920907,198776.375,6.743738032248517,0.09314666642688953,2.2748021990751406,68.4,0.7985611510216855,0.6462565952208915,-1
HARISCHANDRA,2023-01-25,4.0,0.0,4.0,0.0,3999999999.9999995,4.0,0.99999999975,0.0,0.0,3.0,0.2499999999375,0.6263320406979943,-1
HARISCHANDRA,2023-01-26,4.0,0.0,4.0,0.0,3999999999.9999995,4.0,0.99999999975,0.0,3.9999999999999995e+18,4.0,0.0,0.6938940992566451,-1
HARISCHANDRA,2023-02-01,4.0,0.0,4.0,0.0,3999999999.9999995,3.8,1.0526315786703602,2190890230.566456,1.8257418578957274,4.0,0.0,0.6514016611644672,-1
HARISCHANDRA,2023-02-06,4.0,0.0,4.0,0.0,3999999999.9999995,3.857142857142857,1.0370370367681756,2190890230.566491,1.8257418578956979,3.0,0.2499999999375,0.6505576414573255,-1
HARISCHANDRA,2023-02-08,4.0,0.0,4.0,0.0,3999999999.9999995,3.875,1.0322580642497399,2190890230.566509,1.8257418578956832,4.0,0.0,0.6508511465777822,-1
HARISCHANDRA,2023-02-21,4.0,0.0,4.0,0.0,3999999999.9999995,3.727272727272727,1.0731707314193932,2190890230.566476,1.8257418578957108,4.0,0.0,0.6515661662321997,-1
HARISCHANDRA,2023-03-02,4.0,0.0,4.0,0.0,3999999999.9999995,3.75,1.0666666663822222,2190890230.566476,1.8257418578957108,4.0,0.0,0.6515661662321997,-1
HARISCHANDRA,2023-03-21,4.0,0.0,4.0,0.0,3999999999.9999995,3.8125,1.0491803275936575,2190890229.8350983,1.8257418585051919,3.0,0.2499999999375,0.6514016611644672,-1
HARISCHANDRA,2023-03-22,4.0,0.0,4.0,0.0,3999999999.9999995,3.823529411764706,1.0461538458802366,2190890229.8350983,1.8257418585051919,4.0,0.0,0.6514016611644672,-1
HARISCHANDRA,2023-04-21,4.0,0.0,4.0,0.0,3999999999.9999995,3.75,1.0666666663822222,2190890230.559025,1.8257418579019198,4.0,0.0,0.6515661662321997,-1
HARISCHANDRA,2023-04-24,4.0,0.0,4.0,0.0,3999999999.9999995,3.75,1.0666666663822222,2190890230.559025,1.8257418579019198,4.0,0.0,0.6515661662321997,-1
HARISCHANDRA,2023-05-03,4.0,0.0,4.0,0.0,3999999999.9999995,3.75,1.0666666663822222,2190890230.5550847,1.8257418579052034,3.0,0.2499999999375,0.6515661662321997,-1
HARISCHANDRA,2023-05-11,4.0,0.0,4.0,0.0,3999999999.9999995,3.75,1.0666666663822222,1788854382.443211,2.236067976945565,3.0,0.2499999999375,0.6634531373200021,-1
HARISCHANDRA,2023-05-12,4.0,0.0,4.0,0.0,3999999999.9999995,3.75,1.0666666663822222,1788854382.443211,2.236067976945565,3.0,0.2499999999375,0.6634531373200021,-1
HARISCHANDRA,2023-06-08,4.0,0.0,4.0,0.0,3999999999.9999995,3.6,1.1111111108024692,1788854382.445271,2.2360679769429903,3.0,0.2499999999375,0.6649646948934264,-1
HARISCHANDRA,2023-06-14,4.0,0.0,4.0,0.0,3999999999.9999995,3.6,1.1111111108024692,2190890230.566166,1.825741857895969,4.0,0.0,0.6524208608425466,-1
HARISCHANDRA,2023-06-27,4.0,0.0,4.0,0.0,3999999999.9999995,3.55,1.1267605630628843,2190890230.5665035,1.8257418578956877,4.0,0.0,0.653649872843747,-1
HARISCHANDRA,2023-06-28,4.0,0.0,4.0,0.0,3999999999.9999995,3.6,1.1111111108024692,2190890230.5665035,1.8257418578956877,4.0,0.0,0.6524208608425466,-1
HARISCHANDRA,2023-07-10,4.0,0.0,4.0,0.0,3999999999.9999995,3.6,1.1111111108024692,2190890230.5647817,1.8257418578971225,4.0,0.0,0.6524208608425466,-1
HARISCHANDRA,2023-07-18,4.0,0.0,4.0,0.0,3999999999.9999995,3.6,1.1111111108024692,2190890230.5647817,1.8257418578971225,4.0,0.0,0.6524208608425466,-1
HARISCHANDRA,2023-08-07,4.0,0.0,4.0,0.0,3999999999.9999995,3.65,1.0958904106586602,2190890230.560362,1.8257418579008056,3.0,0.2499999999375,0.6527215823289215,-1
HARISCHANDRA,2023-08-21,4.0,0.0,4.0,0.0,3999999999.9999995,3.7,1.0810810807888969,2190890230.5645175,1.8257418578973426,4.0,0.0,0.6515661662321997,-1
HARISCHANDRA,2023-08-31,4.0,0.0,4.0,0.0,3999999999.9999995,3.75,1.0666666663822222,2190890230.5662694,1.8257418578958826,3.0,0.2499999999375,0.6515661662321997,-1
HARISCHANDRA,2023-09-11,4.0,0.0,4.0,0.0,3999999999.9999995,3.75,1.0666666663822222,2190890230.5652213,1.8257418578967561,4.0,0.0,0.6515661662321997,-1
HARISCHANDRA,2023-10-04,4.0,0.0,4.0,0.0,3999999999.9999995,3.75,1.0666666663822222,2190890230.5649986,1.8257418578969418,3.0,0.2499999999375,0.6515661662321997,-1
HARISCHANDRA,2023-10-05,4.0,0.0,4.0,0.0,3999999999.9999995,3.75,1.0666666663822222,2190890230.566049,1.8257418578960662,4.0,0.0,0.6515661662321997,-1
HARISCHANDRA,2023-10-11,4.0,0.0,4.0,0.0,3999999999.9999995,3.7,1.0810810807888969,2190890230.566395,1.8257418578957783,4.0,0.0,0.6515661662321997,-1
HARISCHANDRA,2023-11-07,4.0,0.0,4.0,0.0,3999999999.9999995,3.7,1.0810810807888969,2190890230.5573916,1.825741857903281,3.0,0.2499999999375,0.6515661662321997,-1
HARISCHANDRA,2023-11-08,4.0,0.0,4.0,0.0,3999999999.9999995,3.7,1.0810810807888969,2190890230.5573916,1.825741857903281,4.0,0.0,0.6515661662321997,-1
HARISCHANDRA,2023-12-08,4.0,0.0,4.0,0.0,3999999999.9999995,3.65,1.0958904106586602,2190890230.5662055,1.825741857895936,0.0,0.0,0.6527215823289215,-1
HARISCHANDRA,2023-12-14,4.0,0.0,4.0,0.0,3999999999.9999995,3.7,1.0810810807888969,2190890230.5662055,1.825741857895936,0.0,0.0,0.6515661662321997,-1
HATTON,2023-07-12,28.7,26.0,18449767.8,10.3846,0.10384615384215974,1371377.835,13.45345340221281,0.05820279772300794,1.784212376734191,27.6,0.4074074072565151,0.6959001554846763,-1
HAYLEYS FABRIC,2023-07-28,31.6,28.5,164530094.5,10.8772,0.10877192982074489,22791478.145000003,7.218930402550246,0.05909364085477667,1.8406706103518413,36.4,-1.5483870962747122,0.6130728891386291,-1
HAYLEYS FIBRE,2023-05-18,60.2,52.7,8988463.2,14.2315,0.1423149905096335,686205.365,13.098794702661623,0.06803117048709036,2.091908567775278,61.4,-0.1599999999786661,0.7107012728162189,-1
HDFC,2023-07-04,32.5,28.8,700184.3,12.8472,0.12847222221776136,87965.475,7.959762622778903,0.06445163318676884,1.993312098890662,31.9,0.16216216211833495,0.6448463507776293,-1
HDFC,2023-07-18,35.0,31.5,5424108.2,11.1111,0.11111111110758377,356392.645,15.219472893443086,0.054314268146798274,2.0457075618062253,36.3,-0.37142857132244816,0.7095073041268769,-1
HNB ASSURANCE,2023-01-31,49.3,44.6,11944591.2,10.5381,0.10538116591691961,1642753.7349999999,7.271078400561356,0.049155796141165116,2.143819692604863,50.5,-0.2553191488818478,0.6218794871181159,-1
HNB ASSURANCE,2023-07-04,52.0,47.1,16422918.3,10.4034,0.10403397027379968,1813838.0050000001,9.054236516562565,0.04959765154270517,2.0975583508558815,52.3,-0.06122448978342301,0.6534806395665594,-1
HNB FINANCE,2023-01-20,5.0,4.4,1732124.1,13.6364,0.13636363633264453,244351.33500000002,7.088662314859024,0.059225937079976906,2.3024310083278583,4.5,0.833333331944445,0.6370661200371304,-1
HOTEL SIGIRIYA,2023-08-23,51.5,46.0,29302576.9,11.9565,0.11956521738870511,2992240.5599999996,9.792854656044096,0.05546090473453635,2.1558468222824216,49.6,0.34545454539173526,0.6742922650773907,-1
HVA FOODS,2023-07-12,4.6,3.8,2512136.6,21.0526,0.210526315734072,168707.86000000002,14.890453829477686,0.0929986797610394,2.2637559373021694,4.9,-0.37499999953125096,0.73041529664308,-1
HVA FOODS,2023-07-13,5.3,4.8,4599674.1,10.4167,0.10416666664496528,397353.33499999996,11.57577826797399,0.08966492314302045,1.161732613288266,4.8,0.9999999980000001,0.67952744131913,-1
JANASHAKTHI INS.,2023-08-18,43.6,39.4,79253130.4,10.6599,0.10659898476886813,6742773.06,11.7537887890891,0.05615545859036781,1.898283542623748,51.2,-1.8095238090929695,0.6857427586318613,-1
KAHAWATTE,2023-07-10,21.3,18.8,2393490.7,13.2979,0.13297872339718197,338348.775,7.07403388707405,0.06203679439781754,2.1435459801629304,22.7,-0.5599999997759995,0.6329332489891221,-1
KANDY HOTELS,2023-07-12,9.0,8.1,2500002.0,11.1111,0.11111111109739374,208725.43,11.977467240096178,0.049082081011726,2.26378153785018,9.2,-0.22222222197530778,0.6922949069523223,-1
LANKEM CEYLON,2023-04-11,84.5,76.3,9180470.4,10.7471,0.10747051113882743,865070.865,10.612391159422517,0.05485006552488064,1.9593506069874596,84.7,-0.024390243899464942,0.6761190721505858,-1
LAUGFS GAS,2023-02-06,21.2,19.0,609493.5,11.5789,0.1157894736781163,93039.735,6.550894625828345,0.055485510027538924,2.0868416192588897,12.2,4.090909089049588,0.6174022557414657,-1
LAUGFS GAS,2023-04-10,19.9,18.0,35084832.0,10.5556,0.10555555554969127,2393531.815,14.658184938310496,0.04631607508180569,2.2790263010030025,30.0,-5.315789470886431,0.7088675354995089,-1
LAUGFS GAS,2023-07-07,18.0,16.1,10159915.8,11.8012,0.11801242235291838,683686.8400000001,14.860481737515942,0.06003577437140767,1.9657016441087287,26.7,-4.578947366011083,0.7140522778226494,-1
LAUGFS GAS,2023-11-02,22.5,20.3,1912336.1,10.8374,0.10837438423111452,280691.7650000004,6.812939809616397,0.05988803181237794,1.809616698725746,35.4,-5.863636360971076,0.6039493477669139,-1
LCB FINANCE PLC,2023-03-21,2.7,2.4,7603066.7,12.5,0.12499999994791677,827930.3,9.183220737301184,0.07795119552531078,1.6035674309031194,2.5,0.6666666644444444,0.6583041384191705,-1
LOLC GENERAL INS,2023-06-05,6.3,5.2,14797915.6,21.1538,0.211538461497781,1893873.6,7.813570874001302,0.11684602267913313,1.8104035964345653,5.9,0.36363636330578475,0.6556487799428913,-1
LOLC GENERAL INS,2023-12-27,6.9,6.0,720190138.4,15.0,0.14999999997500005,36270226.13,19.856235133982604,0.07390026414989717,2.02976267636854,0.0,0.0,0.7337188414183358,-1
LOTUS HYDRO,2023-08-09,13.7,12.0,23679914.1,14.1667,0.14166666665486105,1619743.525,14.619545461680415,0.05637944300679276,2.5127361425875825,12.1,0.9411764700346023,0.7230554570520797,-1
MERCHANT BANK,2023-07-07,4.7,4.0,6640508.7,17.5,0.17499999995625004,1085031.1199999999,6.120108978994073,0.06735170044927895,2.598301099906713,4.5,0.28571428530612264,0.6335028985078132,-1
MULLERS,2023-03-07,1.3,1.1,2072853.6,18.1818,0.18181818165289249,199919.03,10.368465673327796,0.10365231127841952,1.7541160216909812,1.2,0.49999999750000057,0.6918357457525912,-1
MYLAND,2023-07-05,9.9,8.7,1507114.4,13.7931,0.1379310344669046,146611.05,10.279678100661512,0.06022835323475073,2.2901345424331843,9.8,0.08333333326388852,0.6897180059498025,-1
NATION LANKA,2023-05-18,0.6,0.5,8201067.5,20.0,0.19999999959999998,543682.9099999999,15.084284146433783,0.08944271892110615,2.2360679524997895,0.4,1.9999999800000001,0.7297566751052553,-1
NATION LANKA,2023-11-29,0.4,0.3,935000.4,33.3333,0.33333333222222233,86023.925,10.869073923329923,0.26087459659856316,1.2777531246455796,0.3,0.9999999900000001,0.7133523469298635,-1
PAN ASIA,2023-08-03,18.6,16.9,337724725.6,10.0592,0.10059171597037936,46284001.625,7.296791844756574,0.04447815474517153,2.2615981774671363,20.0,-0.8235294112802746,0.6238519170243082,-1
PEOPLE'S MERCH,2023-03-15,5.5,4.9,5564870.0,12.2449,0.12244897956684707,497069.33499999996,11.195359697656645,0.0652491906828346,1.8766359614392014,5.3,0.33333333277777827,0.6879444893656209,-1
PEOPLES LEASING,2023-01-20,6.5,5.6,90920710.9,16.0714,0.1607142856855868,10583821.307692308,8.590537222498167,0.07280478949088591,2.20746855532406,6.3,0.22222222197530875,0.6708340588480621,-1
PGP GLASS,2023-03-14,19.3,17.2,56125763.7,12.2093,0.12209302324871561,5193685.99,10.806537747577611,0.042299503310840446,2.8863937116498506,21.6,-1.0952380947165528,0.6937792454025299,-1
PGP GLASS,2023-03-15,21.6,19.3,92355044.5,11.9171,0.11917098444978391,9778140.955000002,9.44505145968209,0.04578700950779964,2.60272472756184,21.5,0.043478260850662226,0.6758084801853761,-1
R I L PROPERTY ,2023-07-17,6.6,5.9,45766356.9,11.8644,0.11864406777650087,4468598.42,10.24176992391274,0.05588934550630294,2.122838701703566,6.8,-0.28571428530612303,0.6799926311840899,-1
RADIANT GEMS,2023-05-12,38.1,31.0,804838.5,22.9032,0.22903225805712804,79900.31,10.073033508881128,0.14332139154664955,1.5980326034201806,43.2,-0.7183098590537592,0.6939320088377745,-1
RADIANT GEMS,2023-07-27,123.75,109.0,4359410.25,13.5321,0.1353211009161897,537498.9875,8.110545975679612,0.11148439381312762,1.21381204197249,127.0,-0.2203389830359092,0.643740588825629,-1
RADIANT GEMS,2023-11-06,70.9,58.5,1798604.5,21.1966,0.21196581196218872,187367.44500000007,9.59934368534507,0.10350890353341337,2.0478026785972285,85.4,-1.169354838615374,0.6915092945750361,-1
RADIANT GEMS,2023-11-07,88.6,79.8,4338548.7,11.0276,0.1102756892216757,350124.3000000001,12.39145269265797,0.09209183693509185,1.1974534518401099,81.9,0.7613636362771167,0.6872459228724578,-1
RAMBODA FALLS,2023-03-23,28.1,25.2,447602.7,11.5079,0.11507936507479853,70931.265,6.310372442955778,0.05025006753003745,2.29013349516148,30.4,-0.7931034480023765,0.6136680154261641,-1
RAMBODA FALLS,2023-04-18,31.7,26.4,492158.7,20.0758,0.20075757574997133,108586.65,4.532405226609307,0.08562774993080029,2.344538698817545,31.9,-0.03773584904948366,0.6053305721450452,-1
ROYAL PALMS,2023-06-09,24.0,20.2,745540.6,18.8119,0.18811881187187535,141979.46000000002,5.251045468126127,0.10732965117305852,1.7527198501356571,22.1,0.4999999998684206,0.6031592167109123,-1
S M B LEASING,2023-07-04,0.3,0.2,13835953.6,50.0,0.49999999749999985,1478822.065,9.356063807446633,0.2981423956800707,1.6770509765390311,0.7,-3.999999960000001,0.6986692932423133,-1
S M B LEASING,2023-12-08,0.6,0.5,3349072.3,20.0,0.19999999959999998,433445.04999999993,7.726636398316217,0.10954451128194423,1.8257418416838864,0.2,3.999999960000001,0.6534345124522961,-1
SANASA DEV. BANK,2023-03-03,29.8,25.9,5298354.4,15.0579,0.1505791505733368,434356.425,12.198172042695093,0.07426751782256831,2.027523646415114,30.0,-0.051282051268901827,0.7080659739073581,-1
SANASA DEV. BANK,2023-06-26,30.0,27.1,3260585.3,10.7011,0.1070110701067523,562933.5199999999,5.7921320798235545,0.03840385788150074,2.7864666005816376,30.3,-0.10344827582639744,0.6017244698679479,-1
SELINSING,2023-04-17,711.25,605.25,97027.5,17.5134,0.17513424204845082,13442.55,7.217938560763604,0.08703309924590774,2.0122716708196955,670.0,0.3891509433925552,0.645335161625435,-1
SENKADAGALA,2023-07-27,379.0,334.5,272143.75,13.3034,0.13303437967075327,32883.4375,8.276012810400122,0.05743285227578618,2.3163463433017504,569.25,-4.2752808987803315,0.6534433773676017,-1
SERENDIB HOTELS,2023-08-23,13.9,12.4,33401995.1,12.0968,0.1209677419257284,3000069.935,11.133738820658522,0.05974170579845883,2.024845763677596,10.4,2.333333331777778,0.6882512493329568,-1
SEYLAN BANK,2023-02-20,34.8,30.9,5610377.9,12.6214,0.1262135922289251,913360.905,6.1425640940915835,0.060720348991328096,2.0786044916893687,21.2,3.4871794862853394,0.6108980878351022,-1
SHALIMAR,2023-02-28,992.0,1.0,9.0,99100.0,990.9999990089999,2.5,3.59999999856,543.064933482375,1.8248278205930926,1.0,0.9999999999989909,0.621294778981301,-1
SHALIMAR,2023-03-07,1.0,0.0,1.0,0.0,999999999.9999999,2.25,0.44444444424691354,447213374.2404883,2.236069083797685,1.0,0.0,0.6397587201313737,-1
SHAW WALLACE,2023-07-21,8.9,8.0,44062984.9,11.25,0.11249999998593754,4389038.045,10.039326259702083,0.046984269269828856,2.3944183732098927,8.4,0.5555555549382714,0.6761664125846333,-1
SIERRA  CABL,2023-07-07,12.3,11.0,39394736.5,11.8182,0.11818181817107444,4232150.639999999,9.30844382703731,0.05236821469442686,2.2567470860698355,12.1,0.15384615372781138,0.667969668401606,-1
SINGER SRI LANKA,2023-03-22,15.0,13.6,26545449.2,10.2941,0.10294117646301906,4100291.75,6.474039121728349,0.04939302351055958,2.0841237701694415,14.6,0.2857142855102042,0.6061217256175581,-1
SLT,2023-02-20,79.4,70.5,174837166.8,12.6241,0.12624113474998247,25832597.41,6.76808313252771,0.062149558364105566,2.0312474624380514,88.5,-1.0224719099974737,0.6209960858931588,-1
SLT,2023-03-22,112.5,98.0,428401157.7,14.7959,0.1479591836719596,53987989.095000006,7.935119734616594,0.06408223133529713,2.308895590556108,113.5,-0.06896551723662307,0.6556551146870789,-1
SLT,2023-10-05,94.0,84.0,54903041.4,11.9048,0.11904761904620181,5122782.475,10.717425865325268,0.054709263277313847,2.1760047520062704,92.2,0.17999999998199973,0.6864871640975581,-1
STANDARD CAPITAL,2023-08-23,52.5,43.7,507015.6,20.1373,0.20137299770706235,44712.03,11.33957907972393,0.0891201611599272,2.2595672272868637,45.5,0.7954545453641532,0.7103939102239729,-1
SWADESHI,2023-03-22,16.0,0.0,16.0,0.0,15999999999.999998,15.333333333333334,1.0434782608015123,9237604307.598354,1.732050807463063,18.0,-0.1249999999921875,0.648514376913184,-1
SWADESHI,2023-05-23,15.0,0.0,15.0,0.0,15000000000.0,15.25,0.9836065573125504,8958236434.148214,1.6744367164524678,15.0,0.0,0.6486257315166442,-1
SWADESHI,2023-07-27,18.0,0.0,18.0,0.0,18000000000.0,16.0,1.1249999999296876,9011104253.238123,1.9975354289716196,15.0,0.1666666666574074,0.6585012324748969,-1
SWADESHI,2023-11-28,15.0,0.0,15.0,0.0,15000000000.0,15.5,0.967741935421436,6708203921.304944,2.236067981231265,0.0,0.0,0.6621908432353322,-1
SWISSTEK,2023-07-07,20.5,18.5,68243633.4,10.8108,0.10810810810226443,9511147.31,7.1751210632863165,0.05635508792491901,1.91833799155734,20.2,0.14999999992500035,0.6127735961800058,-1
TAL LANKA,2023-08-23,24.7,22.3,3196646.5,10.7623,0.10762331838082399,384792.2,8.307461793664196,0.05986069425608777,1.7978962309142044,23.0,0.7083333330381946,0.6298840004087961,-1
TEA SMALLHOLDER,2023-07-12,50.9,44.9,10797486.7,13.363,0.13363028952931783,860556.385,12.547099630200275,0.06133242982677554,2.178786780956669,53.4,-0.41666666659722223,0.7072365304686915,-1
TRANS ASIA,2023-03-07,53.8,45.1,142056.2,19.2905,0.1929046563150131,14280.595000000001,9.947498686153487,0.10659646518972578,1.8096721515295981,45.3,0.9770114941405739,0.690776714272637,-1
UB FINANCE,2023-12-15,0.7,0.6,16927311.2,16.6667,0.16666666638888886,1279270.1800000002,13.232006392895038,0.10962728014513182,1.520302835644027,0.6,0.9999999900000001,0.715902693809473,-1
UDAPUSSELLAWA,2023-07-24,89.2,79.9,5052532.1,11.6395,0.11639549436650314,649665.2150000001,7.777131949414886,0.05000370040038701,2.3277375695552465,97.5,-0.892473118183605,0.6392660778868559,-1
UNION ASSURANCE,2023-07-04,35.1,30.8,6822355.2,13.961,0.13961038960585684,882572.1900000001,7.730081773820668,0.06356406849431417,2.196372741967772,34.0,0.25581395342888075,0.6455304865573005,-1
UNION BANK,2023-02-20,8.6,7.8,24331323.9,10.2564,0.1025641025509533,2509902.4099999997,9.694131454298255,0.05337027756609869,1.9217456851743508,9.3,-0.8749999989062516,0.6581933162827792,-1
UNISYST,2023-07-04,6.1,5.5,1651144.0,10.9091,0.10909090907107431,233025.31500000003,7.085685089622099,0.054611606117386746,1.9975773435230575,6.2,-0.16666666638888988,0.613355765124513,-1
VALLIBEL ONE,2023-07-04,45.2,40.1,154525069.8,12.7182,0.12718204488460896,17217813.96,8.97472060965398,0.06342947502178066,2.0050937334077408,46.6,-0.2745098038677428,0.6645130256098981,-1
YORK ARCADE,2023-07-31,203.75,163.5,1906772.0,24.6177,0.2461773700290754,168487.6125,11.316986285861157,0.12327167052674425,1.997031166853824,185.25,0.4596273291811273,0.7142813111066717,-1
