Date,Company,Prev Close,Day Close,Change (%),Change (Rs.),Turnover
22-08-2025,GREENTECH ENERGY,3.7,3.72,0.5451255569096505,,
25-08-2025,LANKEM CEYLON,842.0,839.24,-0.3276904724918585,,
25-08-2025,HAYLEYS FIBRE,64.0,60.82,-4.966105052309125,,
22-08-2025,RADIANT GEMS,200.0,200.5,0.2517578993422411,,
22-08-2025,DIPPED PRODUCTS,100.0,97.66,-2.335011032940613,,
25-08-2025,ASIRI,674.0,672.61,-0.2064771078416676,,
22-08-2025,ASIA SIYAKA,7.0,7.06,0.8799162946383277,,
22-08-2025,HNB,542.0,527.77,-2.624713266650651,,
22-08-2025,HNB,542.0,561.9,3.672414890199175,,
25-08-2025,CALT,61.1,63.39,3.747470734889747,,
25-08-2025,KANDY HOTELS,17.0,16.32,-4.0283531803403445,,
25-08-2025,CONSUMER SERVICES,623.84,636.48,2.026377355687446,,
25-08-2025,LANKA HOSPITALS,400.0,404.83,1.2081880350589185,,
22-08-2025,AMF CO LTD,200.0,198.9,-0.5515497237291731,,
22-08-2025,CEYLINCO HOLD,3199.5,3247.27,1.4930688297554342,,
22-08-2025,HVA FOODS,3.3,3.37,1.99823733343828,,
22-08-2025,SOFTWARE & SERVICES,894.29,909.6,1.7114491174317203,,
22-08-2025,LANKA VENTURES,88.6,92.74,4.673906990494846,,
25-08-2025,LAXAPANA,100.0,95.02,-4.97543659108127,,
22-08-2025,TESS AGRO,1.2,1.26,4.81219938723857,,
22-08-2025,HNB,542.0,403.75,10.0,0.75,
25-08-2025,CALT,61.1,58.55,-4.167769337919277,,
22-08-2025,SOFTWARE & SERVICES,894.29,867.32,-3.016090485126933,,
25-08-2025,YORK ARCADE,172.0,174.57,1.4960480943474783,,
25-08-2025,LAXAPANA,100.0,103.53,3.53103374930026,,
25-08-2025,RENUKA FOODS,17.4,17.63,1.337318202824207,,
22-08-2025,LAUGFS GAS,33.5,34.62,3.337919509188273,,
22-08-2025,ASIA ASSET,600.0,588.14,-1.9770009587765407,,
25-08-2025,SWISSTEK,440.0,456.22,3.686396398234257,,
25-08-2025,PEGASUS HOTELS,37.6,38.37,2.035060606445435,,
25-08-2025,LIGHTHOUSE HOTEL,402.0,418.14,4.014436858492466,,
25-08-2025,EXTERMINATORS,792.0,830.5,4.860666583399055,,
22-08-2025,LAUGFS GAS,33.5,31.97,-4.571040904689239,,
25-08-2025,AMBEON HOLDINGS,532.0,538.14,1.1534737299988451,,
25-08-2025,DOCKYARD,190.0,185.29,-2.479852663209475,,
25-08-2025,CALT,100.0,99.34,-0.6558977666145829,,
25-08-2025,KELANI TYRES,104.75,106.66,1.8200348416766268,,
25-08-2025,CALT,100.0,96.89,-3.108499596449436,,
22-08-2025,FORT LAND,516.0,538.67,4.394336228961874,,
25-08-2025,CIC,522.0,508.23,-2.6376456587201966,,
25-08-2025,LAUGFS GAS,102.0,98.42,-3.506988008564589,,
25-08-2025,ALPHA FIRE,28.9,29.01,0.3856152019779193,,
25-08-2025,RADIANT GEMS,84.9,85.76,1.0134466990708102,,
22-08-2025,CIC,242.0,233.08,-3.686505918550933,,
25-08-2025,RENUKA HOTELS,222.0,213.83,-3.68177403452796,,
22-08-2025,LANKA VENTURES,88.6,90.45,2.093208284726096,,
22-08-2025,ASIA SIYAKA,7.0,6.89,-1.6155444633754756,,
22-08-2025,CEYLINCO HOLD,3199.5,3133.52,-2.062292254979595,,
22-08-2025,NAT. DEV. BANK,300.0,307.1,2.3673294585699303,,
22-08-2025,CIC,242.0,253.84,4.891814394789105,,
25-08-2025,SOFTLOGIC,466.0,449.16,-3.614679947393733,,
22-08-2025,CEYLON GUARDIAN,231.0,232.66,0.719858747427331,,
25-08-2025,CIC,522.0,498.78,-4.448588183249554,,
25-08-2025,SWISSTEK,440.0,427.07,-2.939297475793772,,
22-08-2025,CARSONS,839.25,820.95,-2.180816444027484,,
22-08-2025,LOLC FINANCE,264.0,260.76,-1.2277293514197063,,
25-08-2025,RENUKA,396.0,403.15,1.805581617791015,,
22-08-2025,LAXAPANA,426.0,444.43,4.327204775395735,,
25-08-2025,RENUKA FOODS,17.4,18.24,4.816218015125148,,
22-08-2025,ACCESS ENG SL,732.0,707.98,-3.2816200182438715,,
25-08-2025,LMF,184.0,179.19,-2.613612504447196,,
25-08-2025,COMMERCIAL,590.0,578.93,-1.876313469601557,,
22-08-2025,ACCESS ENG SL,732.0,723.18,-1.204970966252814,,
25-08-2025,LAUGFS GAS,102.0,102.72,0.7028844520958604,,
22-08-2025,MAHAWELI REACH,120.0,118.37,-1.361346116947988,,
25-08-2025,HATTON,300.0,305.02,1.6736179749180806,,
25-08-2025,HAYLEYS FIBRE,64.0,65.46,2.2845321571009736,,
25-08-2025,SINGER FINANCE,940.0,901.66,-4.0784658279916375,,
22-08-2025,CIC,242.0,235.74,-2.5866949170438227,,
25-08-2025,SOFTWARE & SERVICES,875.05,858.64,-1.8749454301479755,,
25-08-2025,CEYLON INV.,123.0,121.37,-1.3271554354073931,,
25-08-2025,KANDY HOTELS,17.0,17.8,4.701071595266532,,
22-08-2025,HVA FOODS,3.3,3.5,6.06,0.20,
25-08-2025,C T HOLDINGS,148.0,143.28,-3.189771433875641,,
22-08-2025,LIGHTHOUSE HOTEL,110.0,115.49,4.986942530304434,,
25-08-2025,LMF,184.0,176.23,-4.224685883908275,,
25-08-2025,KELANI TYRES,104.75,107.01,2.153048012484547,,
22-08-2025,LOLC FINANCE,264.0,270.16,2.331821281221778,,
22-08-2025,MAHAWELI REACH,120.0,116.51,-2.9116906450541,,
22-08-2025,CHEMANEX,204.0,209.27,2.5842472570754182,,
25-08-2025,CEYLON INV.,123.0,125.76,2.2432740081402125,,
25-08-2025,COMMERCIAL,590.0,170.5,6.0,0.50,
22-08-2025,CONSUMER SERVICES,622.8,613.82,-1.4426315626732968,,
25-08-2025,EXTERMINATORS,792.0,5.6,2.0,0.10,
25-08-2025,RENUKA,396.0,386.12,-2.49532101207501,,
25-08-2025,HOTELS CORP.,33.9,35.24,3.943356087585295,,
25-08-2025,SOFTWARE & SERVICES,875.05,851.82,-2.655005223259063,,
22-08-2025,NAT. DEV. BANK,300.0,287.97,-4.011336615439854,,
25-08-2025,AMANA LIFE,908.0,946.88,4.281573024118416,,
25-08-2025,MULLERS,1.6,1.64,2.227407677716214,,
22-08-2025,SLT,200.0,191.85,-4.075589310870965,,
25-08-2025,ASIRI,674.0,659.89,-2.0941244019364493,,
22-08-2025,NAT. DEV. BANK,300.0,144.5,4.0,2.25,
25-08-2025,CONSUMER SERVICES,623.84,598.98,-3.984529136598305,,
25-08-2025,CEYLINCO HOLD,3021.0,3068.59,1.575270346971065,,
22-08-2025,FORT LAND,516.0,522.15,1.1915155157432729,,
25-08-2025,SINGER FINANCE,940.0,912.07,-2.971179176107264,,
25-08-2025,LAXAPANA,100.0,102.1,2.102414063609225,,
25-08-2025,LMF,184.0,190.0,3.262137119506136,,
22-08-2025,UNION CHEMICALS,968.0,961.57,-0.6647635239921232,,
25-08-2025,PEGASUS HOTELS,37.6,36.64,-2.543478473693946,,
25-08-2025,ASIRI,674.0,36.3,6.0,0.20,
25-08-2025,LAUGFS GAS,102.0,32.5,4.0,1.10,
25-08-2025,ORIENT FINANCE,53.0,50.56,-4.596272424430142,,
25-08-2025,CEYLON INV.,123.0,125.24,1.8224436143244904,,
25-08-2025,SINGER FINANCE,940.0,897.26,-4.546965759388314,,
22-08-2025,CHEMANEX,204.0,195.78,-4.029022984409375,,
25-08-2025,ALPHA FIRE,28.9,27.6,-4.4937752773092585,,
25-08-2025,HOTELS CORP.,33.9,34.32,1.238066594255363,,
25-08-2025,E B CREASY,300.0,305.96,1.9861022205442849,,
25-08-2025,DOCKYARD,190.0,196.94,3.6530472848280535,,
22-08-2025,HUNTERS,646.0,634.59,-1.7662843788447926,,
25-08-2025,SOFTWARE & SERVICES,875.05,893.52,2.111218170152859,,
22-08-2025,SAMSON INTERNAT.,404.0,421.16,4.24871341653869,,
25-08-2025,RENUKA FOODS,17.4,17.26,-0.7844437948427441,,
25-08-2025,HATTON,300.0,294.37,-1.877681603792648,,
22-08-2025,CEYLON TEA BRKRS,7.1,7.36,3.625977169558377,,
25-08-2025,DOCKYARD,190.0,102.25,6.0,0.50,
25-08-2025,LANKA CERAMIC,120.0,123.25,2.711643681819922,,
25-08-2025,SOFTWARE & SERVICES,875.05,850.14,-2.847017026785539,,
25-08-2025,AMANA LIFE,908.0,881.92,-2.8717751434784846,,
25-08-2025,LAUGFS GAS,102.0,97.46,-4.450421253499336,,
22-08-2025,ASIA ASSET,600.0,595.33,-0.7787844294981827,,
22-08-2025,TESS AGRO,1.2,1.17,-2.093337384006228,,
25-08-2025,SWISSTEK,440.0,93.0,4.0,2.80,
25-08-2025,ASIRI,674.0,672.89,-0.1645014920963099,,
25-08-2025,SWISSTEK,440.0,441.01,0.2304133461487234,,
22-08-2025,TESS AGRO,1.2,1.17,-2.2873141351682325,,
25-08-2025,CALT,100.0,101.96,1.95656801093779,,
22-08-2025,CARGO BOAT,145.5,140.96,-3.11984282803711,,
25-08-2025,CIC,522.0,498.37,-4.5271081774563084,,
25-08-2025,ALPHA FIRE,28.9,29.25,1.2120911168171355,,
22-08-2025,SOFTWARE & SERVICES,894.29,904.46,1.137121818542281,,
22-08-2025,LAXAPANA,426.0,51.0,12.0,0.30,
22-08-2025,CEYLON TEA BRKRS,7.1,7.26,2.214585879660444,,
25-08-2025,ABANS,436.0,427.17,-2.024864990746285,,
22-08-2025,SOFTWARE & SERVICES,894.29,918.29,2.684012226237336,,
22-08-2025,BALANGODA,89.9,93.04,3.487255704961948,,
25-08-2025,CALT,100.0,98.07,-1.9312015953768924,,
22-08-2025,ASIA SIYAKA,7.0,6.87,-1.900977726627316,,
25-08-2025,RADIANT GEMS,84.9,83.54,-1.598579792522429,,
25-08-2025,RENUKA HOTELS,222.0,220.19,-0.8153179305595035,,
25-08-2025,E B CREASY,300.0,290.67,-3.110150932945018,,
22-08-2025,TESS AGRO,1.2,1.19,-1.1973796443126772,,
22-08-2025,LAXAPANA,426.0,417.1,-2.0898348148645987,,
25-08-2025,AMF CO LTD,734.0,94.2,4.0,0.20,
25-08-2025,LMF,184.0,190.2,3.3702596412373502,,
22-08-2025,ASIA ASSET,600.0,615.79,2.631713034059543,,
25-08-2025,CONSUMER SERVICES,623.84,602.38,-3.439641886600231,,
25-08-2025,AMANA LIFE,64.0,62.04,-3.057447253374792,,
22-08-2025,VALLIBEL ONE,280.0,274.4,-2.000567431862086,,
25-08-2025,HAYLEYS FIBRE,64.0,67.3,5.16,3.30,
25-08-2025,MULLERS,1.6,1.64,2.520954889185722,,
22-08-2025,HNB,542.0,542.78,0.1437063580392905,,
25-08-2025,SOFTWARE & SERVICES,875.05,894.01,2.167232833851209,,
25-08-2025,CEYLINCO HOLD,3021.0,3077.11,1.8572695107568205,,
22-08-2025,CARSONS,839.25,826.62,-1.5047719883060195,,
25-08-2025,CEYLINCO HOLD,3021.0,3036.64,0.5176155916687826,,
22-08-2025,CARSONS,839.25,843.56,0.5131739066281416,,
25-08-2025,AMANA LIFE,908.0,908.85,0.0940186953097033,,
25-08-2025,CALT,61.1,61.57,0.7653500076815885,,
25-08-2025,MULLERS,1.6,1.64,2.51166510795624,,
22-08-2025,SLT,200.0,200.46,0.2302264706865067,,
22-08-2025,SLT,200.0,200.79,0.3935441600689637,,
25-08-2025,SWISSTEK,440.0,443.82,0.8677728822315007,,
22-08-2025,HNB,542.0,561.03,3.510499383313068,,
22-08-2025,TANGERINE,128.25,130.61,1.8384303064536145,,
22-08-2025,UNION CHEMICALS,968.0,932.96,-3.619853945243338,,
25-08-2025,EXTERMINATORS,792.0,770.32,-2.7379423419635343,,
25-08-2025,HATTON,300.0,28.7,2.0,0.30,
22-08-2025,ACCESS ENG SL,732.0,747.86,2.167136096019268,,
25-08-2025,ALPHA FIRE,28.9,28.19,-2.4476756565571653,,
25-08-2025,CIC,522.0,528.32,1.2111097854318729,,
22-08-2025,CONSUMER SERVICES,622.8,646.64,3.8271698951462856,,
22-08-2025,RADIANT GEMS,200.0,207.79,3.8936115514663054,,
22-08-2025,ASIA CAPITAL,4.7,4.89,3.984260030279893,,
22-08-2025,VALLIBEL ONE,280.0,266.11,-4.9607067857778215,,
25-08-2025,LANKA HOSPITALS,400.0,385.74,-3.5652429586578527,,
22-08-2025,HNB,542.0,543.97,0.3640351087508371,,
22-08-2025,CEYLON TEA BRKRS,7.1,6.91,-2.610387605211748,,
25-08-2025,HOTELS CORP.,33.9,32.77,-3.34045104704215,,
25-08-2025,RENUKA HOTELS,222.0,227.63,2.5338811491983577,,
22-08-2025,SLT,200.0,195.12,-2.441108327150128,,
22-08-2025,KANDY HOTELS,17.8,17.94,0.7616041101548028,,
22-08-2025,LAXAPANA,426.0,437.31,2.654985004052995,,
22-08-2025,KANDY HOTELS,17.8,16.93,-4.895727726665254,,
22-08-2025,AUTODROME,155.0,155.39,0.2535383993311182,,
25-08-2025,CEYLINCO HOLD,3021.0,3200.0,5.93,179.00,
22-08-2025,MASKELIYA,200.0,208.09,4.044845361527674,,
22-08-2025,KANDY HOTELS,17.8,17.59,-1.161203672499921,,
25-08-2025,CENTRAL FINANCE,268.0,277.2,3.433261677878832,,
22-08-2025,CEYLON GUARDIAN,231.0,235.9,2.120634214091708,,
25-08-2025,ASIRI,674.0,643.37,-4.544745002002565,,
22-08-2025,GREENTECH ENERGY,3.7,3.57,-3.41034208086181,,
22-08-2025,CARSONS,839.25,804.61,-4.127292026114762,,
22-08-2025,LIGHTHOUSE HOTEL,110.0,115.21,4.740681163997012,,
25-08-2025,SINGER FINANCE,940.0,951.72,1.2469308675810122,,
25-08-2025,C T HOLDINGS,148.0,695.0,2.0,10.00,
25-08-2025,SERENDIB HOTELS,22.5,21.5,-4.465444860168017,,
22-08-2025,TANGERINE,128.25,128.55,0.2340166868673456,,
22-08-2025,MASKELIYA,200.0,198.9,-0.5504806893058278,,
22-08-2025,VALLIBEL ONE,280.0,90.5,2.0,0.60,
25-08-2025,MULLERS,1.6,1.53,-4.524421001152827,,
22-08-2025,SOFTWARE & SERVICES,894.29,883.29,-1.2300617078954512,,
25-08-2025,CIC,522.0,523.18,0.2268639116626118,,
22-08-2025,CEYLINCO HOLD,3199.5,3072.42,-3.971823057708992,,
25-08-2025,YORK ARCADE,172.0,163.86,-4.733381977576717,,
22-08-2025,TESS AGRO,1.2,1.15,-3.774364950949154,,
22-08-2025,SAMSON INTERNAT.,404.0,422.89,4.676452161421887,,
22-08-2025,ASIA SIYAKA,7.0,6.69,-4.444749671908495,,
22-08-2025,TESS AGRO,1.2,1.16,-3.52523084702113,,
25-08-2025,LAUGFS GAS,102.0,103.56,1.5318718915781249,,
22-08-2025,TESS AGRO,1.2,1.18,-1.2563502252964764,,
22-08-2025,SAMSON INTERNAT.,404.0,391.57,-3.0769957633386658,,
25-08-2025,AMF CO LTD,734.0,710.84,-3.1546965584223496,,
25-08-2025,E B CREASY,300.0,309.83,3.276633424845312,,
22-08-2025,SLT,200.0,193.86,-3.072095641808942,,
25-08-2025,CENTRAL FINANCE,268.0,274.29,2.348414908520642,,
22-08-2025,LOLC FINANCE,264.0,253.24,-4.077011582910783,,
25-08-2025,LAXAPANA,100.0,97.15,-2.846451265033295,,
25-08-2025,SOFTWARE & SERVICES,875.05,850.73,-2.77956223932891,,
25-08-2025,SOFTWARE & SERVICES,875.05,858.78,-1.8594343898373176,,
25-08-2025,AMANA LIFE,908.0,907.75,-0.0279759644344688,,
22-08-2025,KANDY HOTELS,17.8,17.47,-1.8538932245042223,,
25-08-2025,SERENDIB HOTELS,22.5,22.42,-0.3512906984565633,,
22-08-2025,LOLC FINANCE,264.0,268.36,1.6503176170213143,,
22-08-2025,ASIA ASSET,600.0,603.65,0.6081234177751718,,
22-08-2025,CEYLON PRINTERS,421.5,431.67,2.412028398422075,,
25-08-2025,CENTRAL FINANCE,268.0,275.64,2.850852172498226,,
25-08-2025,ABANS,436.0,418.97,-3.905695951640207,,
25-08-2025,LAXAPANA,100.0,98.66,-1.3355995063906412,,
22-08-2025,NAT. DEV. BANK,300.0,307.32,2.440865361631209,,
22-08-2025,MYLAND,156.0,153.18,-1.808455401030724,,
25-08-2025,LAUGFS GAS,102.0,98.47,-3.455898921577348,,
25-08-2025,RADIANT GEMS,84.9,81.65,-3.831019592916359,,
22-08-2025,DIPPED PRODUCTS,100.0,104.71,4.714842150423106,,
25-08-2025,HOTELS CORP.,33.9,37.0,9.14,3.10,
25-08-2025,DOCKYARD,190.0,184.22,-3.043522534472929,,
25-08-2025,CEYLON PRINTERS,382.75,398.25,4.050139458677753,,
22-08-2025,AMF CO LTD,200.0,194.77,-2.613941122159138,,
22-08-2025,ASIA CAPITAL,4.7,4.74,0.9545548270784536,,
25-08-2025,TAL LANKA,200.0,209.92,4.959653038208868,,
22-08-2025,MAHAWELI REACH,120.0,21.5,6.0,0.20,
22-08-2025,CEYLON GUARDIAN,100.0,255.0,6.0,24.00,
22-08-2025,MAHAWELI REACH,120.0,115.66,-3.618446100474654,,
22-08-2025,MAHARAJA FOODS,9.3,8.84,-4.996003074106751,,
25-08-2025,CIC,522.0,498.61,-4.481191934295193,,
25-08-2025,ALPHA FIRE,28.9,27.52,-4.7826116193629264,,
22-08-2025,SAMSON INTERNAT.,404.0,396.92,-1.7526635979718377,,
25-08-2025,AMANA LIFE,64.0,62.01,-3.1140700150499603,,
25-08-2025,RADIANT GEMS,84.9,84.59,-0.3707835256283465,,
22-08-2025,LANKA VENTURES,88.6,90.08,1.6718095883424224,,
22-08-2025,HVA FOODS,3.3,3.23,-2.084824070291668,,
22-08-2025,ASIA CAPITAL,4.7,4.59,-2.3990573271095506,,
22-08-2025,VALLIBEL ONE,280.0,267.99,-4.289932197774115,,
25-08-2025,AMF CO LTD,734.0,704.39,-4.03378595538661,,
25-08-2025,LMF,184.0,175.67,-4.528874736044046,,
25-08-2025,TAL LANKA,200.0,197.05,-1.4764237100044153,,
25-08-2025,MULLERS,1.6,1.55,-3.1324938674509406,,
25-08-2025,SWISSTEK,440.0,449.62,2.185335402924484,,
22-08-2025,MASKELIYA,200.0,192.07,-3.9654171629504695,,
25-08-2025,UNITED MOTORS,140.0,141.45,1.039204436622274,,
22-08-2025,CONSUMER SERVICES,622.8,619.5,-0.5292968206798498,,
22-08-2025,RICHARD PIERIS,800.0,789.11,-1.36106544664643,,
25-08-2025,CEYLINCO HOLD,3021.0,3020.14,-0.0285953624779864,,
22-08-2025,RADIANT GEMS,200.0,191.95,-4.023078847388822,,
25-08-2025,RENUKA,396.0,379.48,-4.171909710309475,,
22-08-2025,AMF CO LTD,200.0,201.63,0.815550327972888,,
25-08-2025,SWISSTEK,440.0,419.16,-4.735843462949507,,
25-08-2025,RADIANT GEMS,84.9,87.4,2.942284005854124,,
22-08-2025,SLT,200.0,208.46,4.232086927115224,,
22-08-2025,MAHARAJA FOODS,9.3,9.22,-0.8637158189014595,,
22-08-2025,ASIA CAPITAL,4.7,4.66,-0.9514046658886032,,
22-08-2025,MAHAWELI REACH,120.0,114.08,-4.937153833390077,,
25-08-2025,CALT,61.1,63.4,3.76,2.30,
22-08-2025,KANDY HOTELS,17.8,17.08,-4.045965657948414,,
25-08-2025,RENUKA,396.0,406.74,2.7132314321685005,,
25-08-2025,CEYLON INV.,123.0,122.2,-0.6530960733641402,,
22-08-2025,CARSONS,839.25,837.88,-0.1634962082386479,,
25-08-2025,CALT,61.1,59.97,-1.8549752444571723,,
25-08-2025,KANDY HOTELS,17.0,17.79,4.644705997571244,,
22-08-2025,NAT. DEV. BANK,300.0,313.12,4.374180986516638,,
22-08-2025,MYLAND,156.0,151.31,-3.007632365144545,,
22-08-2025,CEYLON GUARDIAN,231.0,228.84,-0.9366776903623216,,
22-08-2025,FORT LAND,516.0,514.22,-0.3442441001037135,,
25-08-2025,CONSUMER SERVICES,623.84,610.6,-2.1224243718856983,,
22-08-2025,UNION CHEMICALS,968.0,989.11,2.180860196989972,,
22-08-2025,LAXAPANA,426.0,417.61,-1.9690968563016744,,
22-08-2025,CARGO BOAT,145.5,146.04,0.3707421590332602,,
25-08-2025,CALT,61.1,61.56,0.745334005547921,,
25-08-2025,CEYLON PRINTERS,382.75,392.34,2.5046874450185443,,
25-08-2025,EXTERMINATORS,792.0,757.26,-4.386790171649322,,
22-08-2025,CIC,242.0,234.26,-3.198629728677937,,
25-08-2025,SOFTWARE & SERVICES,875.05,885.17,1.1561510938878865,,
25-08-2025,CEYLON INV.,123.0,126.99,3.2435044724934947,,
22-08-2025,DIPPED PRODUCTS,100.0,99.98,-0.022742877849077,,
22-08-2025,LIGHTHOUSE HOTEL,110.0,108.8,-1.0945401696006685,,
22-08-2025,UNION CHEMICALS,968.0,962.21,-0.5981922564964295,,
22-08-2025,CIC,242.0,241.6,-0.1645356144268985,,
22-08-2025,RADIANT GEMS,200.0,193.63,-3.185528027505345,,
25-08-2025,HAYLEYS FIBRE,64.0,60.93,-4.802436708141928,,
22-08-2025,SLT,200.0,192.47,-3.763632326619861,,
25-08-2025,LOLC FINANCE,600.0,592.61,-1.2319595775268477,,
22-08-2025,AUTODROME,155.0,150.02,-3.2158142338104003,,
22-08-2025,LIGHTHOUSE HOTEL,110.0,106.65,-3.0440732893341096,,
25-08-2025,CEYLINCO HOLD,3021.0,3123.78,3.402337477712363,,
22-08-2025,MAHAWELI REACH,120.0,117.0,-2.501656979841869,,
25-08-2025,CALT,61.1,61.93,1.3582933762484697,,
25-08-2025,HATTON,300.0,298.24,-0.5872090931452947,,
25-08-2025,LMF,184.0,190.56,3.566151283141213,,
22-08-2025,CARSONS,839.25,832.13,-0.8489282314506745,,
25-08-2025,CEYLON PRINTERS,382.75,369.86,-3.367800340499285,,
25-08-2025,HATTON,300.0,307.55,2.517945873672564,,
25-08-2025,SERENDIB HOTELS,22.5,23.58,4.784443921535695,,
25-08-2025,LOLC FINANCE,600.0,601.59,0.2657846665929373,,
22-08-2025,LOLC FINANCE,264.0,271.47,2.829481227345503,,
22-08-2025,CEYLON GUARDIAN,100.0,102.44,2.4430371733736607,,
22-08-2025,MYLAND,156.0,151.83,-2.670854391109666,,
22-08-2025,AUTODROME,155.0,157.36,1.5219292495413628,,
25-08-2025,ASIRI,674.0,676.27,0.3373934756045313,,
25-08-2025,HOTELS CORP.,33.9,33.15,-2.207316677946693,,
25-08-2025,RENUKA HOTELS,222.0,241.5,8.78,19.50,
25-08-2025,CEYLINCO HOLD,3021.0,3030.87,0.3266458740362399,,
25-08-2025,UNITED MOTORS,140.0,142.66,1.899459106135572,,
22-08-2025,LOLC FINANCE,264.0,271.83,2.967233633093648,,
25-08-2025,CEYLINCO HOLD,3021.0,2950.42,-2.336223585699761,,
25-08-2025,CEYLINCO HOLD,3021.0,2932.11,-2.942294780456286,,
22-08-2025,ASIA ASSET,600.0,622.96,3.827368389822446,,
25-08-2025,MULLERS,1.6,1.64,2.5393768444142406,,
25-08-2025,YORK ARCADE,172.0,177.54,3.222567285905223,,
22-08-2025,CEYLON PRINTERS,421.5,401.01,-4.861422112304509,,
25-08-2025,CENTRAL FINANCE,268.0,270.93,1.0930371895650737,,
22-08-2025,BALANGODA,89.9,93.21,3.6867971774447046,,
25-08-2025,CALT,100.0,104.19,4.186488090479484,,
25-08-2025,SERENDIB HOTELS,22.5,21.77,-3.2255385253125644,,
22-08-2025,ASIA CAPITAL,4.7,4.84,2.9055623876263725,,
22-08-2025,CARSONS,839.25,845.94,0.7967043519753956,,
22-08-2025,ASIA ASSET,600.0,585.45,-2.4253466746807426,,
25-08-2025,RENUKA,396.0,409.64,3.445026278984836,,
22-08-2025,LOLC FINANCE,264.0,271.86,2.977045624757104,,
22-08-2025,LANKA VENTURES,88.6,92.0,3.8361107123102833,,
22-08-2025,LAXAPANA,426.0,415.55,-2.4526038995225785,,
22-08-2025,CARGO BOAT,145.5,143.95,-1.067990561684616,,
22-08-2025,SLT,200.0,63.8,4.0,0.20,
25-08-2025,YORK ARCADE,172.0,173.04,0.6068479850895612,,
25-08-2025,LANKA HOSPITALS,400.0,405.13,1.2833601688309848,,
22-08-2025,MASKELIYA,200.0,89.0,2.0,1.00,
25-08-2025,LANKA CERAMIC,120.0,118.43,-1.310840841199238,,
25-08-2025,SWISSTEK,440.0,425.46,-3.3054221435096265,,
22-08-2025,NAT. DEV. BANK,300.0,313.07,4.356017417313167,,
25-08-2025,CEYLINCO HOLD,3021.0,3024.95,0.1306915271906472,,
22-08-2025,LAUGFS GAS,33.5,33.93,1.2789441494863605,,
25-08-2025,CEYLINCO HOLD,3021.0,2949.89,-2.353808114016079,,
25-08-2025,RENUKA,396.0,381.42,-3.6827540263894623,,
22-08-2025,HVA FOODS,3.3,3.24,-1.8963662411592064,,
22-08-2025,LAXAPANA,426.0,408.25,-4.167155888047404,,
25-08-2025,RENUKA,396.0,402.73,1.6985904415215716,,
25-08-2025,TAL LANKA,200.0,204.61,2.3049636095879027,,
22-08-2025,CEYLON GUARDIAN,100.0,98.61,-1.39115087505693,,
25-08-2025,AMBEON HOLDINGS,532.0,548.72,3.143009836715878,,
22-08-2025,NAT. DEV. BANK,300.0,300.0,-0.0008199943734821,,
22-08-2025,MAHARAJA FOODS,9.3,8.92,-4.052194921545883,,
22-08-2025,TANGERINE,128.25,133.2,3.857823579196284,,
25-08-2025,SINGER FINANCE,940.0,957.83,1.896886806622911,,
25-08-2025,RENUKA,396.0,383.55,-3.144259755040704,,
22-08-2025,CEYLINCO HOLD,3199.5,3210.74,0.3513020031969294,,
22-08-2025,MAHARAJA FOODS,9.3,9.66,3.88686327967015,,
22-08-2025,ASIA ASSET,600.0,580.74,-3.2096675532887744,,
22-08-2025,LIGHTHOUSE HOTEL,110.0,112.94,2.66854526976098,,
25-08-2025,SERENDIB HOTELS,22.5,22.34,-0.7227024568403895,,
25-08-2025,CIC,522.0,135.0,4.0,0.25,
22-08-2025,CHEMANEX,204.0,207.28,1.607129310482036,,
22-08-2025,CEYLINCO HOLD,3199.5,3093.61,-3.3096248363744896,,
25-08-2025,SINGER FINANCE,940.0,967.28,2.902377472272404,,
22-08-2025,CEYLON PRINTERS,421.5,414.9,-1.5651113506186531,,
25-08-2025,HOTELS CORP.,33.9,33.29,-1.7872944499427934,,
22-08-2025,MYLAND,156.0,161.92,3.796014967117621,,
22-08-2025,HVA FOODS,3.3,3.4,2.9406757123161933,,
22-08-2025,KANDY HOTELS,17.8,17.7,-0.5742919333829066,,
25-08-2025,ORIENT FINANCE,53.0,50.73,-4.27718485205552,,
22-08-2025,CEYLINCO HOLD,3199.5,3279.54,2.5016679556142307,,
25-08-2025,SERENDIB HOTELS,22.5,23.49,4.414396085880876,,
25-08-2025,COMMERCIAL,590.0,619.44,4.989845951471732,,
22-08-2025,GREENTECH ENERGY,3.7,3.81,2.910733814448929,,
25-08-2025,SERENDIB HOTELS,22.5,23.36,3.833323435247868,,
25-08-2025,C T HOLDINGS,148.0,151.38,2.281083903440927,,
25-08-2025,KELANI TYRES,104.75,103.74,-0.963316182335956,,
25-08-2025,CEYLON PRINTERS,382.75,377.6,-1.345741196977528,,
25-08-2025,PEGASUS HOTELS,37.6,37.53,-0.1846044685654915,,
22-08-2025,SOFTWARE & SERVICES,894.29,904.88,1.1844347193367692,,
25-08-2025,SERENDIB HOTELS,22.5,22.47,-0.1438624641377339,,
25-08-2025,ASIRI,674.0,654.91,-2.831908934135088,,
25-08-2025,SERENDIB HOTELS,22.5,22.94,1.936770364519221,,
22-08-2025,SOFTWARE & SERVICES,894.29,928.0,3.769617730890676,,
22-08-2025,ASIA SIYAKA,7.0,7.22,3.2127517728616937,,
25-08-2025,HAYLEYS FIBRE,64.0,62.18,-2.8508873026270534,,
25-08-2025,ALPHA FIRE,28.9,27.77,-3.920562853535357,,
22-08-2025,CEYLON TEA BRKRS,7.1,6.77,-4.664655979163709,,
22-08-2025,KANDY HOTELS,17.8,18.66,4.844004993061018,,
22-08-2025,SLT,200.0,192.03,-3.986808180368101,,
25-08-2025,MULLERS,1.6,1.66,3.5073068458603736,,
22-08-2025,HUNTERS,646.0,620.23,-3.989541889893533,,
22-08-2025,CONSUMER SERVICES,622.8,636.24,2.1582531879403755,,
25-08-2025,LAUGFS GAS,102.0,98.93,-3.007859775012358,,
25-08-2025,AMF CO LTD,734.0,762.21,3.843765470229712,,
25-08-2025,ASIRI,674.0,707.44,4.961636931702632,,
25-08-2025,LANKEM CEYLON,842.0,837.78,-0.5013530463858027,,
25-08-2025,RENUKA FOODS,17.4,18.09,3.955628481318387,,
22-08-2025,HVA FOODS,3.3,3.33,0.9040372565390618,,
22-08-2025,AMF CO LTD,200.0,196.73,-1.6353883742278774,,
22-08-2025,CEYLON PRINTERS,421.5,425.8,1.0201000814808765,,
22-08-2025,MAHAWELI REACH,120.0,115.59,-3.677312849015183,,
25-08-2025,LAXAPANA,100.0,97.43,-2.571243219723616,,
25-08-2025,ALPHA FIRE,28.9,29.07,0.593563681164273,,
25-08-2025,RENUKA HOTELS,222.0,219.19,-1.267401855372411,,
25-08-2025,AMANA LIFE,908.0,57.0,8.0,7.00,
25-08-2025,LMF,184.0,177.09,-3.756690246215716,,
22-08-2025,SLT,200.0,198.74,-0.6296000799474468,,
25-08-2025,ASIRI,674.0,707.64,4.991703418130808,,
22-08-2025,ASIA ASSET,600.0,594.7,-0.8837521560587378,,
22-08-2025,MASKELIYA,200.0,197.81,-1.0961081509713977,,
22-08-2025,CEYLINCO HOLD,3199.5,3081.43,-3.690262570058259,,
25-08-2025,ALPHA FIRE,28.9,27.61,-4.454907225862804,,
25-08-2025,COMMERCIAL,590.0,608.35,3.1097243101914334,,
22-08-2025,ASIA SIYAKA,7.0,6.75,-3.591663108496164,,
25-08-2025,LANKA HOSPITALS,400.0,409.92,2.4812080011092625,,
22-08-2025,CONSUMER SERVICES,622.8,620.36,-0.3911003037228333,,
25-08-2025,CEYLON PRINTERS,382.75,373.42,-2.4364649807866257,,
22-08-2025,ASIA SIYAKA,7.0,7.1,1.3969777992830377,,
25-08-2025,AMF CO LTD,734.0,746.06,1.6427240888811712,,
22-08-2025,CARSONS,839.25,812.16,-3.227906201787605,,
25-08-2025,JKH,900.0,870.85,-3.2391736696828377,,
25-08-2025,AMBEON HOLDINGS,532.0,532.02,0.00423617720232,,
22-08-2025,CONSUMER SERVICES,622.8,633.92,1.785392442143758,,
25-08-2025,JKH,900.0,908.25,0.9165316033333504,,
22-08-2025,CEYLON GUARDIAN,100.0,100.63,0.6340836448385412,,
25-08-2025,HOTELS CORP.,33.9,33.64,-0.7682727077841012,,
22-08-2025,VALLIBEL ONE,280.0,277.91,-0.7475095750587277,,
25-08-2025,RENUKA,396.0,393.02,-0.7522974896436914,,
25-08-2025,AMANA LIFE,908.0,942.76,3.8287070263758167,,
22-08-2025,HNB,542.0,557.32,2.826550110555796,,
25-08-2025,MULLERS,1.6,1.62,1.379304895796655,,
25-08-2025,E B CREASY,300.0,295.42,-1.5260798236749795,,
25-08-2025,SERENDIB HOTELS,22.5,21.7,-3.564552440562321,,
22-08-2025,RICHARD PIERIS,800.0,833.36,4.169611131024887,,
25-08-2025,PEGASUS HOTELS,37.6,39.41,4.812074187185617,,
22-08-2025,HNB,542.0,518.98,-4.246532701415477,,
25-08-2025,COMMERCIAL,590.0,569.87,-3.412420848879166,,
22-08-2025,KANDY HOTELS,17.8,17.86,0.3391229853894009,,
25-08-2025,AMF CO LTD,734.0,769.94,4.896928677865223,,
25-08-2025,LIGHTHOUSE HOTEL,402.0,398.22,-0.9401523417307844,,
22-08-2025,LAUGFS GAS,33.5,34.72,3.645658162598753,,
22-08-2025,ASIA CAPITAL,4.7,4.74,0.8988245091703089,,
22-08-2025,UNION CHEMICALS,968.0,996.32,2.925397676213368,,
22-08-2025,HVA FOODS,3.3,3.42,3.641451990074426,,
22-08-2025,HVA FOODS,3.3,3.44,4.094436640366311,,
25-08-2025,SOFTLOGIC,466.0,444.81,-4.547416861294486,,
25-08-2025,LOLC FINANCE,600.0,6.0,2.0,0.10,
22-08-2025,MYLAND,156.0,151.59,-2.8249466631216613,,
25-08-2025,CEYLON PRINTERS,382.75,401.26,4.836918584171766,,
25-08-2025,ABANS,436.0,944.0,6.0,16.00,
22-08-2025,GREENTECH ENERGY,3.7,3.82,3.239170278274891,,
25-08-2025,AMBEON HOLDINGS,532.0,517.63,-2.700816291383674,,
22-08-2025,LAUGFS GAS,33.5,33.88,1.120470796577556,,
22-08-2025,CHEMANEX,204.0,166.5,4.0,1.50,
25-08-2025,RADIANT GEMS,84.9,82.09,-3.3118999421543585,,
22-08-2025,AUTODROME,155.0,160.4,3.4860655189877967,,
25-08-2025,LAXAPANA,100.0,101.4,1.396055611776818,,
25-08-2025,KELANI TYRES,104.75,109.16,4.2127118261930345,,
22-08-2025,ASIA ASSET,600.0,586.02,-2.330137968208267,,
25-08-2025,LAXAPANA,100.0,98.56,-1.4391573021235726,,
22-08-2025,CEYLINCO HOLD,3199.5,3256.01,1.7661723355250647,,
22-08-2025,CEYLINCO HOLD,3199.5,3239.7,1.2564991294145311,,
22-08-2025,CIC,242.0,245.47,1.43295134851508,,
22-08-2025,LOLC FINANCE,264.0,275.29,4.277457330754073,,
22-08-2025,CEYLON PRINTERS,421.5,412.76,-2.074118377597181,,
25-08-2025,PEGASUS HOTELS,37.6,36.96,-1.7094863707974262,,
22-08-2025,HVA FOODS,3.3,3.37,2.0193343299053463,,
22-08-2025,LAXAPANA,426.0,435.68,2.273099955366648,,
22-08-2025,LANKA VENTURES,88.6,84.84,-4.243748866538248,,
25-08-2025,SOFTLOGIC,466.0,485.99,4.289824151942067,,
22-08-2025,ASIA CAPITAL,4.7,4.83,2.822526718768076,,
25-08-2025,HOTELS CORP.,33.9,33.4,-1.4642487636772494,,
25-08-2025,AMANA LIFE,908.0,922.62,1.609729329453419,,
22-08-2025,LAUGFS GAS,33.5,34.26,2.2676160368538687,,
25-08-2025,LMF,184.0,188.03,2.192080943231253,,
25-08-2025,PEGASUS HOTELS,37.6,37.69,0.2321305497087493,,
22-08-2025,CEYLON GUARDIAN,100.0,102.87,2.870695027239316,,
22-08-2025,FORT LAND,516.0,88.0,6.0,1.80,
25-08-2025,LANKA HOSPITALS,400.0,401.94,0.4847342117539623,,
25-08-2025,HAYLEYS FIBRE,64.0,62.2,-2.809333836876211,,
25-08-2025,DOCKYARD,190.0,193.92,2.06232498531782,,
22-08-2025,TESS AGRO,1.2,1.16,-2.994214508049986,,
22-08-2025,CEYLON GUARDIAN,100.0,100.13,0.1258390313251043,,
25-08-2025,ABANS,436.0,453.26,3.9586693915786793,,
25-08-2025,CENTRAL FINANCE,268.0,269.92,0.7161268946989985,,
22-08-2025,UNION CHEMICALS,968.0,999.8,3.2850515005224974,,
22-08-2025,SAMSON INTERNAT.,404.0,416.87,3.185787006408244,,
22-08-2025,GREENTECH ENERGY,3.7,3.54,-4.199363373397738,,
22-08-2025,TESS AGRO,1.2,1.22,1.6518760088993787,,
25-08-2025,CEYLON INV.,123.0,127.9,3.983590189198619,,
25-08-2025,COMMERCIAL,590.0,607.11,2.900618394149156,,
22-08-2025,ACCESS ENG SL,732.0,57.3,4.0,0.30,
25-08-2025,ABANS,436.0,438.14,0.4913099536682965,,
22-08-2025,CHEMANEX,204.0,195.68,-4.077815243211455,,
22-08-2025,CIC,242.0,241.84,-0.0649081733940004,,
22-08-2025,HVA FOODS,3.3,3.38,2.3695713166969874,,
22-08-2025,CEYLON PRINTERS,421.5,416.58,-1.166164892726449,,
25-08-2025,SOFTLOGIC,466.0,479.91,2.9849453352656248,,
22-08-2025,HUNTERS,646.0,652.48,1.0035444118686314,,
25-08-2025,HAYLEYS FIBRE,64.0,63.08,-1.435996143849937,,
25-08-2025,CEYLON INV.,123.0,128.5,4.47,5.50,
25-08-2025,LANKEM CEYLON,842.0,801.77,-4.778152579696984,,
22-08-2025,SLT,200.0,190.57,-4.712820891425839,,
22-08-2025,CHEMANEX,204.0,202.81,-0.5848367531225174,,
25-08-2025,CALT,61.1,61.36,0.4223697513085973,,
22-08-2025,LAXAPANA,426.0,439.35,3.1346239313472424,,
25-08-2025,UNITED MOTORS,140.0,136.51,-2.4902718452014563,,
25-08-2025,SWISSTEK,440.0,444.27,0.9699971310066546,,
22-08-2025,AUTODROME,155.0,158.55,2.288476438317052,,
25-08-2025,CENTRAL FINANCE,268.0,271.9,1.4551148547869932,,
25-08-2025,LOLC FINANCE,600.0,578.83,-3.5288031585361592,,
22-08-2025,CONSUMER SERVICES,622.8,617.18,-0.9021560625478128,,
22-08-2025,LIGHTHOUSE HOTEL,110.0,112.08,1.889356410085627,,
22-08-2025,CEYLON GUARDIAN,231.0,235.26,1.8441563581471725,,
22-08-2025,MAHARAJA FOODS,9.3,10.3,10.75,1.00,
22-08-2025,HUNTERS,646.0,677.69,4.906281082658566,,
22-08-2025,KANDY HOTELS,17.8,18.15,1.989276609452169,,
22-08-2025,SOFTWARE & SERVICES,894.29,871.95,-2.4979289282161696,,
22-08-2025,NAT. DEV. BANK,300.0,286.52,-4.494926076171934,,
25-08-2025,LOLC FINANCE,600.0,612.73,2.1218819367411443,,
22-08-2025,CARSONS,839.25,811.5,-3.306060776401209,,
25-08-2025,AMANA LIFE,64.0,66.64,4.125842179248231,,
25-08-2025,KANDY HOTELS,17.0,17.11,0.6281561981779236,,
25-08-2025,LANKA CERAMIC,120.0,117.29,-2.255501119077685,,
22-08-2025,CEYLON TEA BRKRS,7.1,7.8,9.86,0.70,
25-08-2025,UNITED MOTORS,140.0,135.77,-3.018923354515665,,
22-08-2025,VALLIBEL ONE,280.0,270.46,-3.4068926447498504,,
22-08-2025,LANKA VENTURES,88.6,86.89,-1.933352046850052,,
22-08-2025,VALLIBEL ONE,280.0,287.62,2.7224476929665737,,
25-08-2025,HOTELS CORP.,33.9,35.23,3.9293841762056,,
25-08-2025,CENTRAL FINANCE,268.0,277.86,3.680372797401596,,
22-08-2025,CHEMANEX,204.0,202.03,-0.9678936681617722,,
22-08-2025,CEYLON PRINTERS,421.5,420.25,-0.2964426372704629,,
22-08-2025,FORT LAND,516.0,503.31,-2.459793326162022,,
22-08-2025,TESS AGRO,1.2,1.21,0.4500841572394058,,
25-08-2025,LANKA CERAMIC,120.0,115.7,-3.582918904656536,,
22-08-2025,SAMSON INTERNAT.,404.0,393.23,-2.6660373054187305,,
22-08-2025,TESS AGRO,1.2,1.24,3.5280398327647227,,
25-08-2025,CONSUMER SERVICES,623.84,639.7,2.5423209155827475,,
25-08-2025,CIC,522.0,519.46,-0.4871482282236004,,
22-08-2025,CEYLON GUARDIAN,100.0,103.77,3.768477741541119,,
25-08-2025,CONSUMER SERVICES,623.84,637.44,2.1794322159427493,,
22-08-2025,ASIA CAPITAL,4.7,4.62,-1.7873389749461437,,
25-08-2025,PEGASUS HOTELS,37.6,36.81,-2.0990743081225096,,
22-08-2025,LIGHTHOUSE HOTEL,110.0,104.74,-4.780294291974926,,
22-08-2025,TANGERINE,128.25,125.74,-1.9575813617280424,,
25-08-2025,ABANS,436.0,435.88,-0.0276502678807659,,
22-08-2025,CONSUMER SERVICES,622.8,602.26,-3.298473588554831,,
22-08-2025,ASIA ASSET,600.0,614.36,2.392704938517712,,
22-08-2025,CEYLINCO HOLD,3199.5,3108.67,-2.8388630954752845,,
25-08-2025,CALT,100.0,96.87,-3.1252066916808,,
25-08-2025,HOTELS CORP.,33.9,32.46,-4.254930992639338,,
25-08-2025,ASIRI,674.0,664.25,-1.4463228923262372,,
22-08-2025,MAHARAJA FOODS,9.3,9.06,-2.571353494687337,,
22-08-2025,CONSUMER SERVICES,622.8,608.47,-2.301020972134329,,
22-08-2025,TANGERINE,128.25,127.05,-0.9371939077104976,,
22-08-2025,CEYLON PRINTERS,421.5,422.39,0.2121708244921549,,
22-08-2025,TESS AGRO,1.2,1.19,-0.8821797251422536,,
25-08-2025,AMF CO LTD,734.0,704.94,-3.958626420797126,,
22-08-2025,LOLC FINANCE,264.0,251.03,-4.913614436873944,,
22-08-2025,TANGERINE,128.25,124.35,-3.043014606969604,,
22-08-2025,UNION CHEMICALS,968.0,1011.54,4.498286367244184,,
25-08-2025,CEYLINCO HOLD,3021.0,2926.49,-3.12826885073053,,
25-08-2025,LANKA HOSPITALS,400.0,393.18,-1.7044756500449845,,
22-08-2025,SOFTWARE & SERVICES,894.29,928.24,3.796807046497939,,
22-08-2025,NAT. DEV. BANK,300.0,286.66,-4.445577538477689,,
22-08-2025,SAMSON INTERNAT.,404.0,188.0,4.0,3.50,
25-08-2025,LAUGFS GAS,102.0,100.46,-1.5068290167522402,,
22-08-2025,MASKELIYA,200.0,199.78,-0.1095159955071682,,
25-08-2025,LANKA HOSPITALS,400.0,88.6,4.0,0.90,
25-08-2025,COMMERCIAL,590.0,603.16,2.230005679583252,,
25-08-2025,HOTELS CORP.,33.9,32.56,-3.9504463942342,,
25-08-2025,SOFTLOGIC,466.0,447.52,-3.965688958542548,,
25-08-2025,LAXAPANA,100.0,96.3,-3.695605454666535,,
22-08-2025,ASIA SIYAKA,7.0,7.33,4.729123867645752,,
25-08-2025,HAYLEYS FIBRE,64.0,61.05,-4.611954759690549,,
25-08-2025,LIGHTHOUSE HOTEL,402.0,390.74,-2.800088731030693,,
22-08-2025,LAUGFS GAS,33.5,33.54,0.1153619423479179,,
22-08-2025,LIGHTHOUSE HOTEL,110.0,109.01,-0.896624056642291,,
25-08-2025,SWISSTEK,440.0,437.23,-0.6300411433437914,,
22-08-2025,NAT. DEV. BANK,300.0,306.25,2.0841385195034965,,
25-08-2025,CALT,100.0,102.65,2.6464357261411218,,
25-08-2025,CEYLINCO HOLD,3021.0,2886.36,-4.456679651770962,,
22-08-2025,GREENTECH ENERGY,3.7,3.77,1.7997036307933287,,
22-08-2025,CEYLON TEA BRKRS,7.1,7.28,2.5739449982850218,,
22-08-2025,MASKELIYA,200.0,206.23,3.1149112370776084,,
25-08-2025,AMANA LIFE,64.0,63.19,-1.2651132965456826,,
25-08-2025,CEYLON PRINTERS,382.75,369.8,-3.382357886478904,,
25-08-2025,AMBEON HOLDINGS,532.0,114.0,8.0,1.50,
22-08-2025,DIPPED PRODUCTS,100.0,99.1,-0.903718337601159,,
22-08-2025,UNION CHEMICALS,968.0,984.85,1.7408959975454872,,
25-08-2025,RENUKA,396.0,382.47,-3.4173752538560773,,
25-08-2025,LAXAPANA,100.0,104.79,4.789854855895346,,
25-08-2025,LANKEM CEYLON,842.0,832.27,-1.1553445653347163,,
22-08-2025,CEYLON GUARDIAN,231.0,221.26,-4.217090488617153,,
25-08-2025,C T HOLDINGS,148.0,152.89,3.3049794510274992,,
22-08-2025,SAMSON INTERNAT.,404.0,386.25,-4.39350009466581,,
25-08-2025,EXTERMINATORS,792.0,814.61,2.8549143321426858,,
22-08-2025,ACCESS ENG SL,732.0,758.32,3.594972509654798,,
22-08-2025,GREENTECH ENERGY,3.7,3.73,0.7252687259690838,,
25-08-2025,YORK ARCADE,172.0,230.0,10.0,6.50,
25-08-2025,RENUKA,396.0,389.38,-1.672294539508198,,
22-08-2025,RADIANT GEMS,200.0,203.61,1.8045662635932525,,
25-08-2025,CALT,61.1,62.78,2.743603861815881,,
25-08-2025,PEGASUS HOTELS,37.6,36.22,-3.666462561750452,,
22-08-2025,CHEMANEX,204.0,208.76,2.3328254405126767,,
25-08-2025,EXTERMINATORS,792.0,803.48,1.4490290529235592,,
25-08-2025,UNITED MOTORS,140.0,184.5,4.0,1.00,
22-08-2025,MYLAND,156.0,149.86,-3.9350368299554894,,
25-08-2025,LAXAPANA,100.0,102.7,2.698150978791604,,
22-08-2025,CEYLON PRINTERS,421.5,432.1,2.515463074381062,,
22-08-2025,NAT. DEV. BANK,300.0,289.52,-3.4928530180078807,,
25-08-2025,LIGHTHOUSE HOTEL,402.0,386.53,-3.847741786904032,,
25-08-2025,ASIRI,674.0,642.96,-4.605404671091007,,
25-08-2025,CEYLON INV.,123.0,128.4,4.387755512861176,,
22-08-2025,RICHARD PIERIS,800.0,816.73,2.090986799965383,,
22-08-2025,AUTODROME,155.0,157.61,1.6869592947472365,,
22-08-2025,MASKELIYA,200.0,201.86,0.9311069361404068,,
25-08-2025,UNITED MOTORS,140.0,136.03,-2.8363576900935983,,
22-08-2025,ASIA SIYAKA,7.0,6.76,-3.492071841676485,,
22-08-2025,CARSONS,839.25,867.48,3.3635604722712102,,
25-08-2025,C T HOLDINGS,148.0,149.94,1.308020104871085,,
25-08-2025,ORIENT FINANCE,53.0,53.05,0.0978336574158422,,
25-08-2025,AMANA LIFE,64.0,65.52,2.3772226267145014,,
25-08-2025,SERENDIB HOTELS,22.5,23.5,4.426919095686667,,
22-08-2025,LAUGFS GAS,33.5,33.26,-0.7093573150880257,,
25-08-2025,E B CREASY,300.0,297.49,-0.8354228100488683,,
25-08-2025,CIC,522.0,517.81,-0.8035198927759302,,
25-08-2025,LMF,184.0,185.53,0.8296456669456873,,
22-08-2025,ASIA SIYAKA,7.0,6.7,-4.3155929075737385,,
25-08-2025,AMANA LIFE,908.0,890.91,-1.882349686986088,,
22-08-2025,RADIANT GEMS,200.0,197.56,-1.2190142109020243,,
25-08-2025,LIGHTHOUSE HOTEL,402.0,407.93,1.4750775740123734,,
22-08-2025,LAXAPANA,426.0,411.76,-3.34166480494908,,
22-08-2025,TANGERINE,128.25,128.42,0.1343449712582014,,
22-08-2025,CEYLINCO HOLD,3199.5,3053.4,-4.566467858804719,,
25-08-2025,AMANA LIFE,908.0,874.95,-3.640063491641526,,
25-08-2025,ABANS,436.0,441.39,1.2357801125265544,,
25-08-2025,HAYLEYS FIBRE,64.0,61.97,-3.1710694693133137,,
22-08-2025,MYLAND,156.0,148.33,-4.913646078386548,,
22-08-2025,SOFTWARE & SERVICES,894.29,877.38,-1.8909319160759168,,
25-08-2025,HOTELS CORP.,33.9,35.41,4.463290099387947,,
22-08-2025,TANGERINE,128.25,141.0,9.94,12.75,
22-08-2025,CARGO BOAT,145.5,154.25,6.01,8.75,
22-08-2025,BALANGODA,89.9,95.9,6.67,6.00,
25-08-2025,RENUKA FOODS,17.4,16.94,-2.640939654049188,,
25-08-2025,AMANA LIFE,908.0,927.04,2.096582446345307,,
25-08-2025,LANKA CERAMIC,120.0,120.61,0.5110067641354243,,
22-08-2025,AUTODROME,155.0,157.78,1.795499271339084,,
25-08-2025,ORIENT FINANCE,53.0,54.51,2.8548022995402835,,
25-08-2025,LANKEM CEYLON,842.0,853.29,1.340770612085656,,
22-08-2025,CHEMANEX,204.0,199.57,-2.170081623347503,,
22-08-2025,AMF CO LTD,200.0,206.99,3.4965182152383765,,
22-08-2025,CONSUMER SERVICES,622.8,594.71,-4.510603720820502,,
25-08-2025,LOLC FINANCE,600.0,589.6,-1.7332189619048777,,
22-08-2025,MYLAND,156.0,9.9,2.0,0.10,
25-08-2025,CEYLON INV.,123.0,128.17,4.199384581811735,,
25-08-2025,LOLC FINANCE,600.0,573.66,-4.390383552743451,,
25-08-2025,ALPHA FIRE,28.9,31.2,7.96,2.30,
25-08-2025,TAL LANKA,200.0,47.5,4.0,0.90,
25-08-2025,TAL LANKA,200.0,206.61,3.3057680735426,,
25-08-2025,CALT,61.1,60.19,-1.4956757420904596,,
25-08-2025,AMANA LIFE,908.0,877.26,-3.38573471707155,,
22-08-2025,TESS AGRO,1.2,1.22,1.3784221490997206,,
25-08-2025,AMBEON HOLDINGS,532.0,552.1,3.7783216789012233,,
25-08-2025,C T HOLDINGS,148.0,141.53,-4.368316136695388,,
22-08-2025,GREENTECH ENERGY,3.7,3.9,5.41,0.20,
25-08-2025,AMF CO LTD,734.0,703.52,-4.152193762702456,,
25-08-2025,UNITED MOTORS,140.0,141.09,0.7804011162880018,,
25-08-2025,CIC,522.0,526.65,0.891085344708948,,
25-08-2025,LMF,184.0,190.67,3.6234313289972135,,
25-08-2025,SINGER FINANCE,940.0,955.53,1.6519837002918312,,
22-08-2025,KANDY HOTELS,17.8,18.48,3.8308822408682577,,
25-08-2025,COMMERCIAL,590.0,610.28,3.4372330915044955,,
22-08-2025,ASIA ASSET,600.0,48.0,4.0,0.50,
22-08-2025,CARSONS,839.25,813.95,-3.014475964629071,,
22-08-2025,ACCESS ENG SL,732.0,768.27,4.955480752882526,,
25-08-2025,SWISSTEK,440.0,436.87,-0.7108104050628974,,
25-08-2025,TAL LANKA,200.0,204.66,2.3309854037035747,,
25-08-2025,LOLC FINANCE,600.0,585.23,-2.461952799143734,,
22-08-2025,ACCESS ENG SL,732.0,719.98,-1.6414859753864215,,
22-08-2025,ASIA ASSET,600.0,606.84,1.139604611884061,,
25-08-2025,HAYLEYS FIBRE,64.0,65.34,2.0904626172243272,,
25-08-2025,RENUKA HOTELS,222.0,216.28,-2.5753075669694248,,
22-08-2025,ASIA SIYAKA,7.0,6.87,-1.881340003668016,,
22-08-2025,NAT. DEV. BANK,300.0,296.46,-1.179710090662116,,
25-08-2025,LIGHTHOUSE HOTEL,402.0,89.7,4.0,1.50,
25-08-2025,CEYLINCO HOLD,3021.0,2998.05,-0.7596955440271298,,
25-08-2025,ALPHA FIRE,28.9,29.87,3.342719736583323,,
25-08-2025,COMMERCIAL,590.0,612.19,3.760221258682826,,
22-08-2025,LANKA VENTURES,88.6,85.25,-3.779564379701873,,
22-08-2025,ACCESS ENG SL,732.0,752.56,2.8093317979049424,,
25-08-2025,JKH,900.0,23.6,10.0,0.30,
22-08-2025,LOLC FINANCE,264.0,6.0,2.0,0.10,
22-08-2025,KANDY HOTELS,17.8,18.55,4.197925717794362,,
25-08-2025,UNITED MOTORS,140.0,137.53,-1.7626917438957634,,
22-08-2025,CIC,242.0,233.79,-3.3938597353079625,,
22-08-2025,TESS AGRO,1.2,1.2,-0.3399245122500263,,
22-08-2025,CEYLINCO HOLD,3199.5,3326.14,3.9581573156019454,,
22-08-2025,CEYLINCO HOLD,3199.5,3100.93,-3.0807471335227152,,
25-08-2025,LIGHTHOUSE HOTEL,402.0,382.44,-4.865770848798724,,
25-08-2025,HOTELS CORP.,33.9,35.11,3.5600107489315285,,
25-08-2025,MULLERS,1.6,1.67,4.588412272749308,,
22-08-2025,CEYLINCO HOLD,3199.5,3308.68,3.412300956100756,,
25-08-2025,SWISSTEK,440.0,420.22,-4.494322367038162,,
25-08-2025,SINGER FINANCE,940.0,68.5,12.0,1.20,
25-08-2025,RENUKA FOODS,17.4,17.32,-0.459302390503157,,
22-08-2025,RADIANT GEMS,200.0,205.16,2.5812653219955486,,
22-08-2025,LAXAPANA,426.0,435.29,2.181497528442793,,
22-08-2025,TANGERINE,128.25,123.39,-3.78596149774312,,
22-08-2025,CONSUMER SERVICES,622.8,623.31,0.0817171254879518,,
25-08-2025,YORK ARCADE,172.0,173.64,0.9520584255534814,,
25-08-2025,TAL LANKA,200.0,195.24,-2.379649954931254,,
22-08-2025,SLT,200.0,201.43,0.7152991522374492,,
22-08-2025,SLT,200.0,209.09,4.5448111054820615,,
22-08-2025,MYLAND,156.0,159.02,1.93297468551492,,
25-08-2025,LANKA CERAMIC,120.0,114.77,-4.3586424845221705,,
25-08-2025,HATTON,300.0,303.78,1.259638666583891,,
22-08-2025,LAXAPANA,426.0,405.25,-4.870382328421753,,
25-08-2025,SOFTWARE & SERVICES,875.05,896.3,2.428166905773317,,
22-08-2025,LOLC FINANCE,264.0,275.53,4.368839988505513,,
22-08-2025,CARGO BOAT,145.5,146.65,0.7937920034784076,,
25-08-2025,DOCKYARD,190.0,196.81,3.585906362275136,,
22-08-2025,AUTODROME,155.0,151.18,-2.466428299403386,,
25-08-2025,SOFTLOGIC,466.0,447.44,-3.9825404332026295,,
22-08-2025,MAHARAJA FOODS,9.3,9.01,-3.1231071469152214,,
25-08-2025,CEYLON PRINTERS,382.75,399.94,4.491457315913859,,
25-08-2025,HOTELS CORP.,33.9,34.9,2.9603675990176423,,
22-08-2025,CEYLON GUARDIAN,231.0,251.25,8.77,20.25,
25-08-2025,TAL LANKA,200.0,203.82,1.9105065272077943,,
22-08-2025,CARSONS,839.25,856.72,2.0821376482847818,,
25-08-2025,AMANA LIFE,908.0,910.32,0.2554373645971974,,
25-08-2025,SWISSTEK,440.0,425.98,-3.1861201296871955,,
22-08-2025,BALANGODA,89.9,86.15,-4.172649169377589,,
25-08-2025,LOLC FINANCE,600.0,606.41,1.0682258988569675,,
22-08-2025,AMF CO LTD,200.0,190.34,-4.828502180848019,,
22-08-2025,CONSUMER SERVICES,622.8,614.87,-1.2733419281868108,,
25-08-2025,CEYLON INV.,123.0,123.21,0.1724519264101829,,
22-08-2025,LOLC FINANCE,264.0,253.91,-3.822097044745875,,
25-08-2025,SOFTWARE & SERVICES,875.05,900.69,2.930114474963384,,
25-08-2025,LOLC FINANCE,600.0,590.39,-1.6019405450423765,,
22-08-2025,MAHARAJA FOODS,9.3,9.55,2.737239280630193,,
25-08-2025,AMF CO LTD,734.0,705.44,-3.8911939140151497,,
25-08-2025,CALT,100.0,104.96,4.963339160567418,,
25-08-2025,RENUKA FOODS,17.4,17.9,2.8560487635903664,,
25-08-2025,AMBEON HOLDINGS,532.0,510.79,-3.98740085384841,,
22-08-2025,MASKELIYA,200.0,192.89,-3.5556421403384784,,
22-08-2025,HVA FOODS,3.3,3.23,-2.0646166126291634,,
25-08-2025,RADIANT GEMS,84.9,84.71,-0.223920673713299,,
25-08-2025,LAXAPANA,100.0,103.09,3.0910194513264564,,
25-08-2025,ABANS,436.0,440.28,0.982018957938589,,
25-08-2025,LIGHTHOUSE HOTEL,402.0,414.31,3.0621369589717435,,
25-08-2025,C T HOLDINGS,148.0,143.76,-2.8671243523550496,,
25-08-2025,MULLERS,1.6,1.63,1.815260298866504,,
25-08-2025,HAYLEYS FIBRE,64.0,65.43,2.2344700681125,,
22-08-2025,ACCESS ENG SL,732.0,766.27,4.6817949697445655,,
25-08-2025,RENUKA,396.0,382.21,-3.482953579129884,,
22-08-2025,HUNTERS,646.0,664.57,2.874831774218829,,
22-08-2025,TESS AGRO,1.2,1.21,0.943958592285453,,
25-08-2025,E B CREASY,300.0,301.62,0.5412871621045632,,
25-08-2025,CEYLINCO HOLD,3021.0,3043.69,0.7511256693936152,,
22-08-2025,HVA FOODS,3.3,3.45,4.695918211530502,,
22-08-2025,LIGHTHOUSE HOTEL,110.0,114.11,3.73243945741321,,
22-08-2025,CARGO BOAT,145.5,142.69,-1.9330272961300168,,
25-08-2025,HAYLEYS FIBRE,64.0,62.66,-2.0977519432284453,,
25-08-2025,LAXAPANA,100.0,48.5,6.0,2.50,
25-08-2025,ALPHA FIRE,28.9,29.18,0.979096753287628,,
22-08-2025,NAT. DEV. BANK,300.0,311.58,3.860543061299861,,
22-08-2025,RICHARD PIERIS,800.0,801.92,0.2399316746466713,,
22-08-2025,HUNTERS,646.0,618.62,-4.238691405096998,,
22-08-2025,ASIA CAPITAL,4.7,4.7,0.0512217233793848,,
25-08-2025,LIGHTHOUSE HOTEL,402.0,390.22,-2.929748187360338,,
25-08-2025,LMF,184.0,55.8,2.0,0.60,
25-08-2025,CEYLON PRINTERS,382.75,393.36,2.7722852000165776,,
22-08-2025,CARSONS,839.25,853.6,1.7099386367027245,,
25-08-2025,CEYLINCO HOLD,3021.0,2996.38,-0.8150923571473694,,
22-08-2025,CHEMANEX,204.0,195.25,-4.287432722347414,,
22-08-2025,CONSUMER SERVICES,622.8,645.19,3.5951498011607512,,
25-08-2025,LANKEM CEYLON,842.0,844.99,0.3550838896449768,,
25-08-2025,AMF CO LTD,734.0,751.65,2.404761319535192,,
25-08-2025,ORIENT FINANCE,53.0,52.33,-1.2710899665543582,,
22-08-2025,HUNTERS,646.0,624.15,-3.382618954315557,,
22-08-2025,HNB,542.0,519.95,-4.067379551536758,,
25-08-2025,AMF CO LTD,734.0,760.85,3.657677354136453,,
25-08-2025,E B CREASY,300.0,62.5,4.0,1.80,
25-08-2025,SERENDIB HOTELS,22.5,23.2,3.1325433484186664,,
22-08-2025,CIC,242.0,249.91,3.269490250841109,,
25-08-2025,SOFTLOGIC,466.0,471.91,1.2690808984906097,,
25-08-2025,COMMERCIAL,590.0,603.37,2.2662314854039174,,
25-08-2025,KANDY HOTELS,17.0,16.4,-3.5450855275217363,,
25-08-2025,LIGHTHOUSE HOTEL,402.0,418.94,4.212693956941365,,
22-08-2025,AMF CO LTD,200.0,96.9,4.0,0.60,
25-08-2025,SOFTLOGIC,466.0,7.3,2.0,0.10,
25-08-2025,LIGHTHOUSE HOTEL,402.0,416.13,3.5148918164654663,,
22-08-2025,AUTODROME,155.0,158.01,1.9415061017788249,,
25-08-2025,RENUKA FOODS,17.4,19.1,9.77,1.70,
22-08-2025,MAHARAJA FOODS,9.3,9.35,0.5678491092818794,,
22-08-2025,FORT LAND,516.0,521.6,1.0853464327723836,,
25-08-2025,UNITED MOTORS,140.0,142.8,1.9998012017689124,,
25-08-2025,HOTELS CORP.,33.9,32.48,-4.191302541678939,,
22-08-2025,CIC,242.0,134.75,4.0,1.00,
25-08-2025,CEYLINCO HOLD,3021.0,2953.59,-2.2312235185279627,,
25-08-2025,AMBEON HOLDINGS,532.0,543.44,2.1512167823036856,,
22-08-2025,SLT,200.0,194.31,-2.845467230443566,,
25-08-2025,E B CREASY,300.0,305.81,1.936899308212217,,
22-08-2025,ACCESS ENG SL,732.0,729.32,-0.3655955939322375,,
22-08-2025,CEYLON TEA BRKRS,7.1,7.11,0.0989729996093045,,
25-08-2025,RENUKA,396.0,396.59,0.1481329018197197,,
25-08-2025,CONSUMER SERVICES,623.84,595.95,-4.4704419954867545,,
22-08-2025,FORT LAND,516.0,525.65,1.8693835566670296,,
22-08-2025,ASIA SIYAKA,7.0,7.24,3.4729110102937906,,
25-08-2025,AMANA LIFE,908.0,905.43,-0.283290662005867,,
22-08-2025,GREENTECH ENERGY,3.7,3.6,-2.6059429269066,,
25-08-2025,AMANA LIFE,64.0,61.64,-3.694949234058909,,
25-08-2025,RENUKA,396.0,23.1,4.0,0.10,
22-08-2025,NAT. DEV. BANK,300.0,310.26,3.420242180649508,,
25-08-2025,LAXAPANA,100.0,96.02,-3.979200330258128,,
22-08-2025,HUNTERS,646.0,613.97,-4.957940787169861,,
22-08-2025,HUNTERS,646.0,619.15,-4.156703901608211,,
25-08-2025,HATTON,300.0,297.95,-0.6830255435906709,,
25-08-2025,KANDY HOTELS,17.0,18.2,7.06,1.20,
22-08-2025,LAXAPANA,426.0,426.3,0.0715057501085683,,
22-08-2025,UNION CHEMICALS,968.0,937.68,-3.13267005902629,,
25-08-2025,LAUGFS GAS,102.0,106.87,4.770128912865095,,
25-08-2025,LANKA CERAMIC,120.0,123.89,3.242029115622545,,
22-08-2025,ACCESS ENG SL,732.0,697.56,-4.705469473823887,,
22-08-2025,RADIANT GEMS,200.0,206.96,3.479377577586286,,
22-08-2025,BALANGODA,89.9,90.03,0.1390471254967282,,
25-08-2025,UNITED MOTORS,140.0,136.49,-2.505841185976696,,
22-08-2025,MAHARAJA FOODS,9.3,9.64,3.699295623969936,,
22-08-2025,CHEMANEX,204.0,209.2,2.5468252086814127,,
22-08-2025,LANKA VENTURES,88.6,85.8,-3.1636816566758763,,
25-08-2025,YORK ARCADE,172.0,170.98,-0.5929355759026391,,
25-08-2025,CALT,61.1,59.04,-3.364643050668765,,
25-08-2025,UNITED MOTORS,140.0,138.27,-1.2362360381320867,,
22-08-2025,CONSUMER SERVICES,622.8,603.09,-3.1643709188009126,,
25-08-2025,KELANI TYRES,104.75,101.17,-3.4134894797245465,,
22-08-2025,CEYLON GUARDIAN,100.0,104.72,4.717820827209607,,
22-08-2025,HUNTERS,646.0,669.17,3.587423965133077,,
25-08-2025,LAXAPANA,100.0,97.4,-2.602937397536759,,
25-08-2025,RADIANT GEMS,84.9,86.38,1.7418741080865503,,
22-08-2025,LIGHTHOUSE HOTEL,110.0,89.8,2.0,0.20,
22-08-2025,CEYLINCO HOLD,3199.5,3164.83,-1.0835958747216647,,
25-08-2025,KANDY HOTELS,17.0,16.73,-1.5895586480979085,,
22-08-2025,CHEMANEX,204.0,194.72,-4.5465736407366375,,
25-08-2025,RADIANT GEMS,84.9,88.05,3.710004669292765,,
25-08-2025,SOFTLOGIC,466.0,474.75,1.8782452807152303,,
22-08-2025,CEYLON TEA BRKRS,7.1,6.76,-4.735216358742182,,
25-08-2025,RENUKA FOODS,17.4,17.66,1.4812196297467564,,
25-08-2025,SWISSTEK,440.0,437.94,-0.4684179196633051,,
22-08-2025,TANGERINE,128.25,128.72,0.3693329546103854,,
25-08-2025,PEGASUS HOTELS,37.6,36.16,-3.818798668678242,,
25-08-2025,CALT,61.1,63.34,3.669327045695223,,
25-08-2025,LANKA CERAMIC,120.0,169.75,4.0,0.25,
25-08-2025,RADIANT GEMS,84.9,85.01,0.1250731008603551,,
25-08-2025,ABANS,436.0,436.51,0.1168455357329207,,
22-08-2025,SAMSON INTERNAT.,404.0,402.59,-0.3479364045306541,,
25-08-2025,COMMERCIAL,590.0,616.7,4.525956719465615,,
25-08-2025,LANKA CERAMIC,120.0,120.98,0.8145394792862426,,
22-08-2025,NAT. DEV. BANK,300.0,308.97,2.9903061508445736,,
25-08-2025,HAYLEYS FIBRE,64.0,64.65,1.0233558195078984,,
25-08-2025,SERENDIB HOTELS,22.5,23.12,2.760797192442761,,
25-08-2025,AMANA LIFE,64.0,62.55,-2.270853529646928,,
25-08-2025,RENUKA FOODS,17.4,17.92,2.9820382574394184,,
25-08-2025,CIC,522.0,527.85,1.121094094063371,,
25-08-2025,HAYLEYS FIBRE,64.0,65.61,2.5214940935892214,,
25-08-2025,TAL LANKA,200.0,198.67,-0.6644513246937933,,
25-08-2025,LOLC FINANCE,600.0,602.41,0.4015980249904167,,
22-08-2025,HUNTERS,646.0,629.27,-2.5895900224431934,,
25-08-2025,UNITED MOTORS,140.0,146.19,4.419167115260269,,
25-08-2025,CIC,522.0,518.36,-0.6979216449254046,,
25-08-2025,SOFTWARE & SERVICES,875.05,862.91,-1.3869007417951384,,
25-08-2025,LOLC FINANCE,600.0,571.14,-4.809771668445652,,
22-08-2025,CONSUMER SERVICES,622.8,622.91,0.0182037554051097,,
22-08-2025,LIGHTHOUSE HOTEL,110.0,107.07,-2.666501505240345,,
25-08-2025,SWISSTEK,440.0,419.37,-4.68916189277504,,
25-08-2025,COMMERCIAL,590.0,564.72,-4.284729472307928,,
25-08-2025,RADIANT GEMS,84.9,88.29,3.9922425896217977,,
22-08-2025,HUNTERS,646.0,627.91,-2.800656861694187,,
22-08-2025,CEYLON GUARDIAN,100.0,96.87,-3.1321919283762933,,
25-08-2025,LANKA CERAMIC,120.0,115.83,-3.476722143373212,,
25-08-2025,COMMERCIAL,590.0,584.52,-0.9291502718461508,,
25-08-2025,ABANS,436.0,457.31,4.887534171952607,,
22-08-2025,GREENTECH ENERGY,3.7,3.58,-3.1995010003321456,,
22-08-2025,LANKA VENTURES,88.6,85.09,-3.958219274919931,,
25-08-2025,ABANS,436.0,429.29,-1.5397371597325282,,
25-08-2025,LAUGFS GAS,102.0,104.86,2.805511322484789,,
25-08-2025,CENTRAL FINANCE,268.0,288.0,6.0,0.50,
22-08-2025,SOFTWARE & SERVICES,894.29,901.96,0.8576095823464005,,
22-08-2025,UNION CHEMICALS,968.0,967.01,-0.1027057071863666,,
25-08-2025,AMANA LIFE,908.0,937.63,3.263408109501867,,
22-08-2025,CIC,242.0,245.36,1.3894938533426178,,
25-08-2025,CALT,100.0,63.9,2.0,2.80,
22-08-2025,UNION CHEMICALS,968.0,992.52,2.5330673817640097,,
22-08-2025,MYLAND,156.0,163.46,4.785023832977281,,
22-08-2025,CONSUMER SERVICES,622.8,651.13,4.54889710009258,,
25-08-2025,SWISSTEK,440.0,427.51,-2.838179374534487,,
25-08-2025,KANDY HOTELS,17.0,16.46,-3.171123491034473,,
25-08-2025,JKH,900.0,867.22,-3.642001242403466,,
22-08-2025,SLT,200.0,200.09,0.0436877553604597,,
22-08-2025,CARSONS,839.25,871.01,3.7844491295107936,,
22-08-2025,AUTODROME,155.0,158.34,2.151684006741772,,
22-08-2025,CEYLINCO HOLD,3199.5,3185.05,-0.4517022756135027,,
25-08-2025,TAL LANKA,200.0,190.28,-4.858367945084877,,
25-08-2025,RENUKA,396.0,409.06,3.2979468934477687,,
25-08-2025,RENUKA FOODS,17.4,17.62,1.2905717452182577,,
22-08-2025,HUNTERS,646.0,670.07,3.726366876911978,,
25-08-2025,DOCKYARD,190.0,185.1,-2.576742697536786,,
22-08-2025,HNB,542.0,556.24,2.627374676970476,,
25-08-2025,JKH,900.0,940.68,4.5203992454584085,,
25-08-2025,LOLC FINANCE,600.0,612.59,2.0979702296641314,,
22-08-2025,RADIANT GEMS,200.0,84.9,2.0,0.80,
25-08-2025,KELANI TYRES,104.75,107.67,2.783363491797447,,
22-08-2025,ASIA SIYAKA,7.0,7.5,7.14,0.50,
22-08-2025,CEYLON GUARDIAN,100.0,97.98,-2.0174284362351536,,
22-08-2025,CARSONS,839.25,807.44,-3.789749995148069,,
22-08-2025,CARSONS,839.25,881.14,4.991626121528618,,
25-08-2025,LAXAPANA,100.0,103.01,3.0109325934118907,,
25-08-2025,COMMERCIAL,590.0,576.28,-2.3247296975165765,,
22-08-2025,ACCESS ENG SL,732.0,763.66,4.325740269913172,,
22-08-2025,MASKELIYA,200.0,198.21,-0.8941534367620889,,
22-08-2025,HUNTERS,646.0,621.53,-3.788668803437752,,
22-08-2025,AMF CO LTD,200.0,209.3,4.648231254722479,,
22-08-2025,RICHARD PIERIS,800.0,806.12,0.7651647551425356,,
22-08-2025,FORT LAND,516.0,535.83,3.842387450846559,,
25-08-2025,RENUKA HOTELS,222.0,219.53,-1.1138766805634894,,
25-08-2025,SOFTLOGIC,466.0,488.97,4.929372693269418,,
22-08-2025,UNION CHEMICALS,968.0,975.2,0.7442848300314449,,
22-08-2025,DIPPED PRODUCTS,100.0,96.24,-3.763491290297888,,
25-08-2025,ALPHA FIRE,28.9,27.94,-3.3295809209905016,,
25-08-2025,TAL LANKA,200.0,209.9,4.951229994733012,,
22-08-2025,CARSONS,839.25,863.62,2.903990822836569,,
25-08-2025,ORIENT FINANCE,53.0,50.76,-4.222940508145801,,
25-08-2025,TAL LANKA,200.0,200.79,0.3935180167823349,,
25-08-2025,LMF,184.0,187.07,1.6686663612055908,,
25-08-2025,AMANA LIFE,908.0,929.19,2.333692495025147,,
25-08-2025,ALPHA FIRE,28.9,29.18,0.9612557190445372,,
22-08-2025,LAXAPANA,426.0,421.19,-1.1302307646540886,,
25-08-2025,HAYLEYS FIBRE,64.0,65.13,1.7636921759389166,,
22-08-2025,MAHARAJA FOODS,9.3,8.94,-3.9205857132841926,,
22-08-2025,GREENTECH ENERGY,3.7,3.76,1.670015326808647,,
22-08-2025,RADIANT GEMS,200.0,205.05,2.524277626155725,,
22-08-2025,AMF CO LTD,200.0,191.43,-4.2830025057689785,,
25-08-2025,LANKEM CEYLON,842.0,83.7,4.0,0.20,
25-08-2025,CEYLINCO HOLD,3021.0,2947.58,-2.430311461007292,,
22-08-2025,CEYLON GUARDIAN,100.0,104.86,4.855542947728502,,
22-08-2025,LAXAPANA,426.0,422.82,-0.7472647523593086,,
25-08-2025,SWISSTEK,440.0,451.93,2.712010290366336,,
25-08-2025,EXTERMINATORS,792.0,760.75,-3.945805739842633,,
22-08-2025,GREENTECH ENERGY,3.7,3.74,1.0575948935897204,,
22-08-2025,FORT LAND,516.0,535.65,3.808246238020562,,
22-08-2025,DIPPED PRODUCTS,100.0,59.7,8.0,0.30,
25-08-2025,CALT,100.0,103.74,3.735342642452146,,
25-08-2025,SWISSTEK,440.0,422.3,-4.022970323168518,,
25-08-2025,CONSUMER SERVICES,623.84,650.88,4.334941744447358,,
25-08-2025,JKH,900.0,859.68,-4.479541612438686,,
22-08-2025,RICHARD PIERIS,800.0,26.5,4.0,0.50,
22-08-2025,CEYLON GUARDIAN,100.0,102.05,2.049140683315396,,
22-08-2025,HUNTERS,646.0,800.0,2.0,0.25,
